{
"__comment": "Designed by Tegaminmaverick with BDcraft Cubik PRO 0.85 Beta - http://bdcraft.net",
"textures": {
    "texture": "items/flint"
},
"elements": [ 
{
    "from": [ 13, 7.5, 3.4375 ],
    "to": [ 13, 8, 9.4375 ],
    "rotation": { "origin": [ 13, 7.5, 3.4375 ], "axis": "y", "angle": -45 },
    "faces": {
        "west":  { "uv": [ 1, 9, 1.5, 9.5 ], "texture": "#texture" },
        "east":  { "uv": [ 1, 9, 1.5, 9.5 ], "texture": "#texture" }
    }
},
{
    "from": [ 3, 7.5, 3.5 ],
    "to": [ 3, 8, 9.5 ],
    "rotation": { "origin": [ 3, 7.5, 3.5 ], "axis": "y", "angle": 45 },
    "faces": {
        "west":  { "uv": [ 1, 9, 1.5, 9.5 ], "texture": "#texture" },
        "east":  { "uv": [ 1, 9, 1.5, 9.5 ], "texture": "#texture" }
    }
},
{
    "from": [ 7.75, 7.25, 13 ],
    "to": [ 8.25, 7.75, 18 ],
    "faces": {
        "down":  { "uv": [ 7.5, 10.5, 8, 11 ], "texture": "#texture" },
        "up":    { "uv": [ 7.5, 10.5, 8, 11 ], "texture": "#texture" },
        "north": { "uv": [ 7.5, 10.5, 8, 11 ], "texture": "#texture" },
        "south": { "uv": [ 7.5, 10.5, 8, 11 ], "texture": "#texture" },
        "west":  { "uv": [ 7.5, 10.5, 8, 11 ], "texture": "#texture" },
        "east":  { "uv": [ 7.5, 10.5, 8, 11 ], "texture": "#texture" }
    }
},
{
    "from": [ 7.25, 8, 13 ],
    "to": [ 8.75, 9, 18 ],
    "faces": {
        "down":  { "uv": [ 7.5, 10.5, 8, 11 ], "texture": "#texture" },
        "up":    { "uv": [ 7.5, 10.5, 8, 11 ], "texture": "#texture" },
        "north": { "uv": [ 7.5, 10.5, 8, 11 ], "texture": "#texture" },
        "south": { "uv": [ 7.5, 10.5, 8, 11 ], "texture": "#texture" },
        "west":  { "uv": [ 7.5, 10.5, 8, 11 ], "texture": "#texture" },
        "east":  { "uv": [ 7.5, 10.5, 8, 11 ], "texture": "#texture" }
    }
},
{
    "from": [ 7.25, 4, 18.25 ],
    "to": [ 8.75, 9, 19.25 ],
    "faces": {
        "down":  { "uv": [ 7.5, 10.5, 8, 11 ], "texture": "#texture" },
        "up":    { "uv": [ 7.5, 10.5, 8, 11 ], "texture": "#texture" },
        "north": { "uv": [ 7.5, 10.5, 8, 11 ], "texture": "#texture" },
        "south": { "uv": [ 7.5, 10.5, 8, 11 ], "texture": "#texture" },
        "west":  { "uv": [ 7.5, 10.5, 8, 11 ], "texture": "#texture" },
        "east":  { "uv": [ 7.5, 10.5, 8, 11 ], "texture": "#texture" }
    }
},
{
    "from": [ 7.75, 6.25, 2 ],
    "to": [ 8.25, 6.75, 6 ],
    "faces": {
        "down":  { "uv": [ 7.5, 10.5, 8, 11 ], "texture": "#texture" },
        "up":    { "uv": [ 7.5, 10.5, 8, 11 ], "texture": "#texture" },
        "north": { "uv": [ 7.5, 10.5, 8, 11 ], "texture": "#texture" },
        "south": { "uv": [ 7.5, 10.5, 8, 11 ], "texture": "#texture" },
        "west":  { "uv": [ 7.5, 10.5, 8, 11 ], "texture": "#texture" },
        "east":  { "uv": [ 7.5, 10.5, 8, 11 ], "texture": "#texture" }
    }
},
{
    "from": [ 7.75, 5.75, 7.5 ],
    "to": [ 8.25, 6.25, 8.5 ],
    "faces": {
        "down":  { "uv": [ 7.5, 10.5, 8, 11 ], "texture": "#texture" },
        "up":    { "uv": [ 7.5, 10.5, 8, 11 ], "texture": "#texture" },
        "north": { "uv": [ 7.5, 10.5, 8, 11 ], "texture": "#texture" },
        "south": { "uv": [ 7.5, 10.5, 8, 11 ], "texture": "#texture" },
        "west":  { "uv": [ 7.5, 10.5, 8, 11 ], "texture": "#texture" },
        "east":  { "uv": [ 7.5, 10.5, 8, 11 ], "texture": "#texture" }
    }
},
{
    "from": [ 7.75, 5.5, 13 ],
    "to": [ 8.25, 8, 13.5 ],
    "rotation": { "origin": [ 7.75, 8, 13 ], "axis": "x", "angle": 45 },
    "faces": {
        "down":  { "uv": [ 7.5, 10.5, 8, 11 ], "texture": "#texture" },
        "up":    { "uv": [ 7.5, 10.5, 8, 11 ], "texture": "#texture" },
        "north": { "uv": [ 7.5, 10.5, 8, 11 ], "texture": "#texture" },
        "south": { "uv": [ 7.5, 10.5, 8, 11 ], "texture": "#texture" },
        "west":  { "uv": [ 7.5, 10.5, 8, 11 ], "texture": "#texture" },
        "east":  { "uv": [ 7.5, 10.5, 8, 11 ], "texture": "#texture" }
    }
},
{
    "from": [ 7.75, 5, 11.25 ],
    "to": [ 8.25, 7.5, 11.75 ],
    "faces": {
        "down":  { "uv": [ 7.5, 10.5, 8, 11 ], "texture": "#texture" },
        "up":    { "uv": [ 7.5, 10.5, 8, 11 ], "texture": "#texture" },
        "north": { "uv": [ 7.5, 10.5, 8, 11 ], "texture": "#texture" },
        "south": { "uv": [ 7.5, 10.5, 8, 11 ], "texture": "#texture" },
        "west":  { "uv": [ 7.5, 10.5, 8, 11 ], "texture": "#texture" },
        "east":  { "uv": [ 7.5, 10.5, 8, 11 ], "texture": "#texture" }
    }
},
{
    "from": [ 7.75, 5.5, 10 ],
    "to": [ 8.25, 6, 10 ],
    "faces": {
        "north": { "uv": [ 3.5, 4, 4, 4.5 ], "texture": "#texture" },
        "south": { "uv": [ 3.5, 4, 4, 4.5 ], "texture": "#texture" }
    }
},
{
    "from": [ 7.25, 6.5, 9 ],
    "to": [ 8.75, 7.5, 11 ],
    "faces": {
        "down":  { "uv": [ 9.5, 8.5, 10, 9 ], "texture": "#texture" },
        "up":    { "uv": [ 9.5, 8.5, 10, 9 ], "texture": "#texture" },
        "north": { "uv": [ 9.5, 8.5, 10, 9 ], "texture": "#texture" },
        "south": { "uv": [ 9.5, 8.5, 10, 9 ], "texture": "#texture" },
        "west":  { "uv": [ 9.5, 8.5, 10, 9 ], "texture": "#texture" },
        "east":  { "uv": [ 9.5, 8.5, 10, 9 ], "texture": "#texture" }
    }
},
{
    "from": [ 7.5, 5, 9.6875 ],
    "to": [ 8.5, 5, 11.1875 ],
    "faces": {
        "down":  { "uv": [ 11, 8, 11.5, 8.5 ], "texture": "#texture" },
        "up":    { "uv": [ 11, 8, 11.5, 8.5 ], "texture": "#texture" }
    }
},
{
    "from": [ 7.5, 4.875, 9.125 ],
    "to": [ 8.5, 6.375, 9.1875 ],
    "rotation": { "origin": [ 7.5, 6.375, 9.125 ], "axis": "x", "angle": -22.5 },
    "faces": {
        "north": { "uv": [ 11, 8, 11.5, 8.5 ], "texture": "#texture" },
        "south": { "uv": [ 11, 8, 11.5, 8.5 ], "texture": "#texture" }
    }
},
{
    "from": [ 7.5, 5.5, 8.5 ],
    "to": [ 8.5, 6, 9.5 ],
    "faces": {
        "down":  { "uv": [ 10, 9, 10.5, 9.5 ], "texture": "#texture" },
        "up":    { "uv": [ 10, 9, 10.5, 9.5 ], "texture": "#texture" },
        "north": { "uv": [ 10, 9, 10.5, 9.5 ], "texture": "#texture" },
        "south": { "uv": [ 10, 9, 10.5, 9.5 ], "texture": "#texture" },
        "west":  { "uv": [ 10, 9, 10.5, 9.5 ], "texture": "#texture" },
        "east":  { "uv": [ 10, 9, 10.5, 9.5 ], "texture": "#texture" }
    }
},
{
    "from": [ 7.5, 6, 7 ],
    "to": [ 8.5, 6.5, 10.5 ],
    "faces": {
        "down":  { "uv": [ 10, 9, 10.5, 9.5 ], "texture": "#texture" },
        "up":    { "uv": [ 10, 9, 10.5, 9.5 ], "texture": "#texture" },
        "north": { "uv": [ 10, 9, 10.5, 9.5 ], "texture": "#texture" },
        "south": { "uv": [ 10, 9, 10.5, 9.5 ], "texture": "#texture" },
        "west":  { "uv": [ 10, 9, 10.5, 9.5 ], "texture": "#texture" },
        "east":  { "uv": [ 10, 9, 10.5, 9.5 ], "texture": "#texture" }
    }
},
{
    "from": [ 7.5, 6, 10.5 ],
    "to": [ 8.5, 7.5, 11.5 ],
    "faces": {
        "down":  { "uv": [ 10, 9, 10.5, 9.5 ], "texture": "#texture" },
        "up":    { "uv": [ 10, 9, 10.5, 9.5 ], "texture": "#texture" },
        "north": { "uv": [ 10, 9, 10.5, 9.5 ], "texture": "#texture" },
        "south": { "uv": [ 10, 9, 10.5, 9.5 ], "texture": "#texture" },
        "west":  { "uv": [ 10, 9, 10.5, 9.5 ], "texture": "#texture" },
        "east":  { "uv": [ 10, 9, 10.5, 9.5 ], "texture": "#texture" }
    }
},
{
    "from": [ 7.5, 4, 10 ],
    "to": [ 8.5, 7, 11 ],
    "rotation": { "origin": [ 7.5, 7, 10 ], "axis": "x", "angle": -22.5 },
    "faces": {
        "down":  { "uv": [ 10, 9, 10.5, 9.5 ], "texture": "#texture" },
        "up":    { "uv": [ 10, 9, 10.5, 9.5 ], "texture": "#texture" },
        "north": { "uv": [ 10, 9, 10.5, 9.5 ], "texture": "#texture" },
        "south": { "uv": [ 10, 9, 10.5, 9.5 ], "texture": "#texture" },
        "west":  { "uv": [ 10, 9, 10.5, 9.5 ], "texture": "#texture" },
        "east":  { "uv": [ 10, 9, 10.5, 9.5 ], "texture": "#texture" }
    }
},
{
    "from": [ 7.25, 8.75, 10 ],
    "to": [ 8.75, 9.25, 10.5 ],
    "faces": {
        "down":  { "uv": [ 8, 10.5, 8.5, 11 ], "texture": "#texture" },
        "up":    { "uv": [ 8, 10.5, 8.5, 11 ], "texture": "#texture" },
        "north": { "uv": [ 8, 10.5, 8.5, 11 ], "texture": "#texture" },
        "south": { "uv": [ 8, 10.5, 8.5, 11 ], "texture": "#texture" },
        "west":  { "uv": [ 8, 10.5, 8.5, 11 ], "texture": "#texture" },
        "east":  { "uv": [ 8, 10.5, 8.5, 11 ], "texture": "#texture" }
    }
},
{
    "from": [ 7.25, 9, 10 ],
    "to": [ 8.75, 9.5, 10.5 ],
    "faces": {
        "down":  { "uv": [ 8, 10.5, 8.5, 11 ], "texture": "#texture" },
        "up":    { "uv": [ 8, 10.5, 8.5, 11 ], "texture": "#texture" },
        "north": { "uv": [ 8, 10.5, 8.5, 11 ], "texture": "#texture" },
        "south": { "uv": [ 8, 10.5, 8.5, 11 ], "texture": "#texture" },
        "west":  { "uv": [ 8, 10.5, 8.5, 11 ], "texture": "#texture" },
        "east":  { "uv": [ 8, 10.5, 8.5, 11 ], "texture": "#texture" }
    }
},
{
    "from": [ 7.25, 8.75, 8.5 ],
    "to": [ 8.75, 9.25, 9 ],
    "faces": {
        "down":  { "uv": [ 8, 10.5, 8.5, 11 ], "texture": "#texture" },
        "up":    { "uv": [ 8, 10.5, 8.5, 11 ], "texture": "#texture" },
        "north": { "uv": [ 8, 10.5, 8.5, 11 ], "texture": "#texture" },
        "south": { "uv": [ 8, 10.5, 8.5, 11 ], "texture": "#texture" },
        "west":  { "uv": [ 8, 10.5, 8.5, 11 ], "texture": "#texture" },
        "east":  { "uv": [ 8, 10.5, 8.5, 11 ], "texture": "#texture" }
    }
},
{
    "from": [ 7.25, 9, 8.5 ],
    "to": [ 8.75, 9.5, 9 ],
    "faces": {
        "down":  { "uv": [ 8, 10.5, 8.5, 11 ], "texture": "#texture" },
        "up":    { "uv": [ 8, 10.5, 8.5, 11 ], "texture": "#texture" },
        "north": { "uv": [ 8, 10.5, 8.5, 11 ], "texture": "#texture" },
        "south": { "uv": [ 8, 10.5, 8.5, 11 ], "texture": "#texture" },
        "west":  { "uv": [ 8, 10.5, 8.5, 11 ], "texture": "#texture" },
        "east":  { "uv": [ 8, 10.5, 8.5, 11 ], "texture": "#texture" }
    }
},
{
    "from": [ 7.25, 9.25, 7 ],
    "to": [ 8.75, 10.75, 8 ],
    "faces": {
        "down":  { "uv": [ 10.5, 8, 11, 8.5 ], "texture": "#texture" },
        "up":    { "uv": [ 10.5, 8, 11, 8.5 ], "texture": "#texture" },
        "north": { "uv": [ 10.5, 8, 11, 8.5 ], "texture": "#texture" },
        "south": { "uv": [ 10.5, 8, 11, 8.5 ], "texture": "#texture" },
        "west":  { "uv": [ 10.5, 8, 11, 8.5 ], "texture": "#texture" },
        "east":  { "uv": [ 10.5, 8, 11, 8.5 ], "texture": "#texture" }
    }
},
{
    "from": [ 7.25, 9.25, 11 ],
    "to": [ 8.75, 10.75, 11.5 ],
    "faces": {
        "down":  { "uv": [ 10.5, 8, 11, 8.5 ], "texture": "#texture" },
        "up":    { "uv": [ 10.5, 8, 11, 8.5 ], "texture": "#texture" },
        "north": { "uv": [ 10.5, 8, 11, 8.5 ], "texture": "#texture" },
        "south": { "uv": [ 10.5, 8, 11, 8.5 ], "texture": "#texture" },
        "west":  { "uv": [ 10.5, 8, 11, 8.5 ], "texture": "#texture" },
        "east":  { "uv": [ 10.5, 8, 11, 8.5 ], "texture": "#texture" }
    }
},
{
    "from": [ 7.5, 9.5, 8 ],
    "to": [ 8.5, 10.5, 11 ],
    "faces": {
        "down":  { "uv": [ 7.5, 10.5, 8, 11 ], "texture": "#texture" },
        "up":    { "uv": [ 7.5, 10.5, 8, 11 ], "texture": "#texture" },
        "north": { "uv": [ 7.5, 10.5, 8, 11 ], "texture": "#texture" },
        "south": { "uv": [ 7.5, 10.5, 8, 11 ], "texture": "#texture" },
        "west":  { "uv": [ 7.5, 10.5, 8, 11 ], "texture": "#texture" },
        "east":  { "uv": [ 7.5, 10.5, 8, 11 ], "texture": "#texture" }
    }
},
{
    "from": [ 7.25, 6, 5.875 ],
    "to": [ 8.75, 7.4375, 6.875 ],
    "faces": {
        "down":  { "uv": [ 10.5, 8, 11, 8.5 ], "texture": "#texture" },
        "up":    { "uv": [ 10.5, 8, 11, 8.5 ], "texture": "#texture" },
        "north": { "uv": [ 10.5, 8, 11, 8.5 ], "texture": "#texture" },
        "south": { "uv": [ 10.5, 8, 11, 8.5 ], "texture": "#texture" },
        "west":  { "uv": [ 10.5, 8, 11, 8.5 ], "texture": "#texture" },
        "east":  { "uv": [ 10.5, 8, 11, 8.5 ], "texture": "#texture" }
    }
},
{
    "from": [ 7.25, 7, 3.5 ],
    "to": [ 8.75, 8, 6.5 ],
    "rotation": { "origin": [ 7.25, 8, 3.5 ], "axis": "x", "angle": 22.5 },
    "faces": {
        "down":  { "uv": [ 10.5, 8, 11, 8.5 ], "texture": "#texture" },
        "up":    { "uv": [ 10.5, 8, 11, 8.5 ], "texture": "#texture" },
        "north": { "uv": [ 10.5, 8, 11, 8.5 ], "texture": "#texture" },
        "south": { "uv": [ 10.5, 8, 11, 8.5 ], "texture": "#texture" },
        "west":  { "uv": [ 10.5, 8, 11, 8.5 ], "texture": "#texture" },
        "east":  { "uv": [ 10.5, 8, 11, 8.5 ], "texture": "#texture" }
    }
},
{
    "from": [ 7.5, 6.8125, 13.375 ],
    "to": [ 8.5, 8.3125, 14.375 ],
    "rotation": { "origin": [ 7.5, 8.3125, 13.375 ], "axis": "x", "angle": 45 },
    "faces": {
        "down":  { "uv": [ 8, 10.5, 8.5, 11 ], "texture": "#texture" },
        "up":    { "uv": [ 8, 10.5, 8.5, 11 ], "texture": "#texture" },
        "north": { "uv": [ 8, 10.5, 8.5, 11 ], "texture": "#texture" },
        "south": { "uv": [ 8, 10.5, 8.5, 11 ], "texture": "#texture" },
        "west":  { "uv": [ 8, 10.5, 8.5, 11 ], "texture": "#texture" },
        "east":  { "uv": [ 8, 10.5, 8.5, 11 ], "texture": "#texture" }
    }
},
{
    "from": [ 7.75, 5, 16.5 ],
    "to": [ 8.25, 7.5, 17 ],
    "faces": {
        "down":  { "uv": [ 7.5, 10.5, 8, 11 ], "texture": "#texture" },
        "up":    { "uv": [ 7.5, 10.5, 8, 11 ], "texture": "#texture" },
        "north": { "uv": [ 7.5, 10.5, 8, 11 ], "texture": "#texture" },
        "south": { "uv": [ 7.5, 10.5, 8, 11 ], "texture": "#texture" },
        "west":  { "uv": [ 7.5, 10.5, 8, 11 ], "texture": "#texture" },
        "east":  { "uv": [ 7.5, 10.5, 8, 11 ], "texture": "#texture" }
    }
},
{
    "from": [ 7.5, 4.875, 14.125 ],
    "to": [ 8.5, 7.875, 14.625 ],
    "rotation": { "origin": [ 7.5, 7.875, 14.125 ], "axis": "x", "angle": -22.5 },
    "faces": {
        "down":  { "uv": [ 8, 10.5, 8.5, 11 ], "texture": "#texture" },
        "up":    { "uv": [ 8, 10.5, 8.5, 11 ], "texture": "#texture" },
        "north": { "uv": [ 8, 10.5, 8.5, 11 ], "texture": "#texture" },
        "south": { "uv": [ 8, 10.5, 8.5, 11 ], "texture": "#texture" },
        "west":  { "uv": [ 8, 10.5, 8.5, 11 ], "texture": "#texture" },
        "east":  { "uv": [ 8, 10.5, 8.5, 11 ], "texture": "#texture" }
    }
},
{
    "from": [ 7.5, 4.3125, 14.875 ],
    "to": [ 8.5, 4.8125, 15.875 ],
    "rotation": { "origin": [ 7.5, 4.8125, 14.875 ], "axis": "x", "angle": -45 },
    "faces": {
        "down":  { "uv": [ 8, 10.5, 8.5, 11 ], "texture": "#texture" },
        "up":    { "uv": [ 8, 10.5, 8.5, 11 ], "texture": "#texture" },
        "north": { "uv": [ 8, 10.5, 8.5, 11 ], "texture": "#texture" },
        "south": { "uv": [ 8, 10.5, 8.5, 11 ], "texture": "#texture" },
        "west":  { "uv": [ 8, 10.5, 8.5, 11 ], "texture": "#texture" },
        "east":  { "uv": [ 8, 10.5, 8.5, 11 ], "texture": "#texture" }
    }
},
{
    "from": [ 7.5, 5, 15.625 ],
    "to": [ 8.5, 5.5625, 16.625 ],
    "rotation": { "origin": [ 7.5, 5.5625, 15.625 ], "axis": "x", "angle": 45 },
    "faces": {
        "down":  { "uv": [ 8, 10.5, 8.5, 11 ], "texture": "#texture" },
        "up":    { "uv": [ 8, 10.5, 8.5, 11 ], "texture": "#texture" },
        "north": { "uv": [ 8, 10.5, 8.5, 11 ], "texture": "#texture" },
        "south": { "uv": [ 8, 10.5, 8.5, 11 ], "texture": "#texture" },
        "west":  { "uv": [ 8, 10.5, 8.5, 11 ], "texture": "#texture" },
        "east":  { "uv": [ 8, 10.5, 8.5, 11 ], "texture": "#texture" }
    }
},
{
    "from": [ 7.5, 4.5, 16 ],
    "to": [ 8.5, 5, 18.5 ],
    "faces": {
        "down":  { "uv": [ 8, 10.5, 8.5, 11 ], "texture": "#texture" },
        "up":    { "uv": [ 8, 10.5, 8.5, 11 ], "texture": "#texture" },
        "north": { "uv": [ 8, 10.5, 8.5, 11 ], "texture": "#texture" },
        "south": { "uv": [ 8, 10.5, 8.5, 11 ], "texture": "#texture" },
        "west":  { "uv": [ 8, 10.5, 8.5, 11 ], "texture": "#texture" },
        "east":  { "uv": [ 8, 10.5, 8.5, 11 ], "texture": "#texture" }
    }
},
{
    "from": [ 7.5, 4.5, 18 ],
    "to": [ 8.5, 8.5, 18.5 ],
    "faces": {
        "down":  { "uv": [ 8, 10.5, 8.5, 11 ], "texture": "#texture" },
        "up":    { "uv": [ 8, 10.5, 8.5, 11 ], "texture": "#texture" },
        "north": { "uv": [ 8, 10.5, 8.5, 11 ], "texture": "#texture" },
        "south": { "uv": [ 8, 10.5, 8.5, 11 ], "texture": "#texture" },
        "west":  { "uv": [ 8, 10.5, 8.5, 11 ], "texture": "#texture" },
        "east":  { "uv": [ 8, 10.5, 8.5, 11 ], "texture": "#texture" }
    }
},
{
    "from": [ 7.5, 7.5, 12.5 ],
    "to": [ 8.5, 8.5, 18.5 ],
    "faces": {
        "down":  { "uv": [ 8, 10.5, 8.5, 11 ], "texture": "#texture" },
        "up":    { "uv": [ 8, 10.5, 8.5, 11 ], "texture": "#texture" },
        "north": { "uv": [ 8, 10.5, 8.5, 11 ], "texture": "#texture" },
        "south": { "uv": [ 8, 10.5, 8.5, 11 ], "texture": "#texture" },
        "west":  { "uv": [ 8, 10.5, 8.5, 11 ], "texture": "#texture" },
        "east":  { "uv": [ 8, 10.5, 8.5, 11 ], "texture": "#texture" }
    }
},
{
    "from": [ 7.5, 6.5, 12 ],
    "to": [ 8.5, 8, 13 ],
    "faces": {
        "down":  { "uv": [ 8, 10.5, 8.5, 11 ], "texture": "#texture" },
        "up":    { "uv": [ 8, 10.5, 8.5, 11 ], "texture": "#texture" },
        "north": { "uv": [ 8, 10.5, 8.5, 11 ], "texture": "#texture" },
        "south": { "uv": [ 8, 10.5, 8.5, 11 ], "texture": "#texture" },
        "west":  { "uv": [ 8, 10.5, 8.5, 11 ], "texture": "#texture" },
        "east":  { "uv": [ 8, 10.5, 8.5, 11 ], "texture": "#texture" }
    }
},
{
    "from": [ 6, 7.25, -1 ],
    "to": [ 10, 7.75, -0.5 ],
    "faces": {
        "down":  { "uv": [ 9.5, 8.5, 10, 9 ], "texture": "#texture" },
        "up":    { "uv": [ 9.5, 8.5, 10, 9 ], "texture": "#texture" },
        "north": { "uv": [ 9.5, 8.5, 10, 9 ], "texture": "#texture" },
        "south": { "uv": [ 9.5, 8.5, 10, 9 ], "texture": "#texture" },
        "west":  { "uv": [ 9.5, 8.5, 10, 9 ], "texture": "#texture" },
        "east":  { "uv": [ 9.5, 8.5, 10, 9 ], "texture": "#texture" }
    }
},
{
    "from": [ 9.4375, 7.25, -1 ],
    "to": [ 9.9999, 7.75, 1 ],
    "rotation": { "origin": [ 9.4375, 7.25, -1 ], "axis": "y", "angle": -22.5 },
    "faces": {
        "down":  { "uv": [ 9.5, 8.5, 10, 9 ], "texture": "#texture" },
        "up":    { "uv": [ 9.5, 8.5, 10, 9 ], "texture": "#texture" },
        "north": { "uv": [ 9.5, 8.5, 10, 9 ], "texture": "#texture" },
        "south": { "uv": [ 9.5, 8.5, 10, 9 ], "texture": "#texture" },
        "west":  { "uv": [ 9.5, 8.5, 10, 9 ], "texture": "#texture" },
        "east":  { "uv": [ 9.5, 8.5, 10, 9 ], "texture": "#texture" }
    }
},
{
    "from": [ 6.125, 7.25, -0.8125 ],
    "to": [ 6.625, 7.75, 1.1875 ],
    "rotation": { "origin": [ 6.125, 7.25, -0.8125 ], "axis": "y", "angle": 22.5 },
    "faces": {
        "down":  { "uv": [ 9.5, 8.5, 10, 9 ], "texture": "#texture" },
        "up":    { "uv": [ 9.5, 8.5, 10, 9 ], "texture": "#texture" },
        "north": { "uv": [ 9.5, 8.5, 10, 9 ], "texture": "#texture" },
        "south": { "uv": [ 9.5, 8.5, 10, 9 ], "texture": "#texture" },
        "west":  { "uv": [ 9.5, 8.5, 10, 9 ], "texture": "#texture" },
        "east":  { "uv": [ 9.5, 8.5, 10, 9 ], "texture": "#texture" }
    }
},
{
    "from": [ 7.25, 7.25, 8.5 ],
    "to": [ 8.75, 8.75, 12.5 ],
    "faces": {
        "down":  { "uv": [ 9.5, 8.5, 10, 9 ], "texture": "#texture" },
        "up":    { "uv": [ 9.5, 8.5, 10, 9 ], "texture": "#texture" },
        "north": { "uv": [ 9.5, 8.5, 10, 9 ], "texture": "#texture" },
        "south": { "uv": [ 9.5, 8.5, 10, 9 ], "texture": "#texture" },
        "west":  { "uv": [ 9.5, 8.5, 10, 9 ], "texture": "#texture" },
        "east":  { "uv": [ 9.5, 8.5, 10, 9 ], "texture": "#texture" }
    }
},
{
    "from": [ 7.5, 6.5, 1.5 ],
    "to": [ 8.5, 7.5, 12 ],
    "faces": {
        "down":  { "uv": [ 10, 9, 10.5, 9.5 ], "texture": "#texture" },
        "up":    { "uv": [ 10, 9, 10.5, 9.5 ], "texture": "#texture" },
        "north": { "uv": [ 10, 9, 10.5, 9.5 ], "texture": "#texture" },
        "south": { "uv": [ 10, 9, 10.5, 9.5 ], "texture": "#texture" },
        "west":  { "uv": [ 10, 9, 10.5, 9.5 ], "texture": "#texture" },
        "east":  { "uv": [ 10, 9, 10.5, 9.5 ], "texture": "#texture" }
    }
},
{
    "from": [ 7.5, 7.5, 6 ],
    "to": [ 8.5, 9, 11.5 ],
    "faces": {
        "down":  { "uv": [ 10, 9, 10.5, 9.5 ], "texture": "#texture" },
        "up":    { "uv": [ 10, 9, 10.5, 9.5 ], "texture": "#texture" },
        "north": { "uv": [ 10, 9, 10.5, 9.5 ], "texture": "#texture" },
        "south": { "uv": [ 10, 9, 10.5, 9.5 ], "texture": "#texture" },
        "west":  { "uv": [ 10, 9, 10.5, 9.5 ], "texture": "#texture" },
        "east":  { "uv": [ 10, 9, 10.5, 9.5 ], "texture": "#texture" }
    }
},
{
    "from": [ 7.75, 7.75, -2.5 ],
    "to": [ 8.25, 8.25, 8.5 ],
    "faces": {
        "down":  { "uv": [ 4.5, 4.5, 5, 5 ], "texture": "#texture" },
        "up":    { "uv": [ 4.5, 4.5, 5, 5 ], "texture": "#texture" },
        "north": { "uv": [ 4.5, 4.5, 5, 5 ], "texture": "#texture" },
        "south": { "uv": [ 4.5, 4.5, 5, 5 ], "texture": "#texture" },
        "west":  { "uv": [ 4.5, 4.5, 5, 5 ], "texture": "#texture" },
        "east":  { "uv": [ 4.5, 4.5, 5, 5 ], "texture": "#texture" }
    }
},
{
    "from": [ 7, 7, 1 ],
    "to": [ 9, 8, 8.5 ],
    "faces": {
        "down":  { "uv": [ 4, 6, 4.5, 6.5 ], "texture": "#texture" },
        "up":    { "uv": [ 4, 6, 4.5, 6.5 ], "texture": "#texture" },
        "north": { "uv": [ 4, 6, 4.5, 6.5 ], "texture": "#texture" },
        "south": { "uv": [ 4, 6, 4.5, 6.5 ], "texture": "#texture" },
        "west":  { "uv": [ 4, 6, 4.5, 6.5 ], "texture": "#texture" },
        "east":  { "uv": [ 4, 6, 4.5, 6.5 ], "texture": "#texture" }
    }
},
{
    "from": [ 8.25, 7.5, 1 ],
    "to": [ 9.25, 8.5, 12 ],
    "faces": {
        "down":  { "uv": [ 4, 6, 4.5, 6.5 ], "texture": "#texture" },
        "up":    { "uv": [ 4, 6, 4.5, 6.5 ], "texture": "#texture" },
        "north": { "uv": [ 4, 6, 4.5, 6.5 ], "texture": "#texture" },
        "south": { "uv": [ 4, 6, 4.5, 6.5 ], "texture": "#texture" },
        "west":  { "uv": [ 4, 6, 4.5, 6.5 ], "texture": "#texture" },
        "east":  { "uv": [ 4, 6, 4.5, 6.5 ], "texture": "#texture" }
    }
},
{
    "from": [ 6.75, 7.5, 1 ],
    "to": [ 7.75, 8.5, 12 ],
    "faces": {
        "down":  { "uv": [ 4, 6, 4.5, 6.5 ], "texture": "#texture" },
        "up":    { "uv": [ 4, 6, 4.5, 6.5 ], "texture": "#texture" },
        "north": { "uv": [ 4, 6, 4.5, 6.5 ], "texture": "#texture" },
        "south": { "uv": [ 4, 6, 4.5, 6.5 ], "texture": "#texture" },
        "west":  { "uv": [ 4, 6, 4.5, 6.5 ], "texture": "#texture" },
        "east":  { "uv": [ 4, 6, 4.5, 6.5 ], "texture": "#texture" }
    }
},
{
    "from": [ 2.375, 7, 3.625 ],
    "to": [ 3.375, 8.5, 4.125 ],
    "rotation": { "origin": [ 2.375, 7, 3.625 ], "axis": "y", "angle": 45 },
    "faces": {
        "down":  { "uv": [ 2.5, 5, 3, 5.5 ], "texture": "#texture" },
        "up":    { "uv": [ 2.5, 5, 3, 5.5 ], "texture": "#texture" },
        "north": { "uv": [ 2.5, 5, 3, 5.5 ], "texture": "#texture" },
        "south": { "uv": [ 2.5, 5, 3, 5.5 ], "texture": "#texture" },
        "west":  { "uv": [ 2.5, 5, 3, 5.5 ], "texture": "#texture" },
        "east":  { "uv": [ 2.5, 5, 3, 5.5 ], "texture": "#texture" }
    }
},
{
    "from": [ 13, 7, 3 ],
    "to": [ 14, 8.5, 3.5 ],
    "rotation": { "origin": [ 13, 7, 3 ], "axis": "y", "angle": -45 },
    "faces": {
        "down":  { "uv": [ 2.5, 5, 3, 5.5 ], "texture": "#texture" },
        "up":    { "uv": [ 2.5, 5, 3, 5.5 ], "texture": "#texture" },
        "north": { "uv": [ 2.5, 5, 3, 5.5 ], "texture": "#texture" },
        "south": { "uv": [ 2.5, 5, 3, 5.5 ], "texture": "#texture" },
        "west":  { "uv": [ 2.5, 5, 3, 5.5 ], "texture": "#texture" },
        "east":  { "uv": [ 2.5, 5, 3, 5.5 ], "texture": "#texture" }
    }
},
{
    "from": [ 8.5, 7, 0.5 ],
    "to": [ 9.5, 8.5, 1 ],
    "faces": {
        "down":  { "uv": [ 2.5, 5, 3, 5.5 ], "texture": "#texture" },
        "up":    { "uv": [ 2.5, 5, 3, 5.5 ], "texture": "#texture" },
        "north": { "uv": [ 2.5, 5, 3, 5.5 ], "texture": "#texture" },
        "south": { "uv": [ 2.5, 5, 3, 5.5 ], "texture": "#texture" },
        "west":  { "uv": [ 2.5, 5, 3, 5.5 ], "texture": "#texture" },
        "east":  { "uv": [ 2.5, 5, 3, 5.5 ], "texture": "#texture" }
    }
},
{
    "from": [ 6.5, 7, 0.5 ],
    "to": [ 7.5, 8.5, 1 ],
    "faces": {
        "down":  { "uv": [ 2.5, 5, 3, 5.5 ], "texture": "#texture" },
        "up":    { "uv": [ 2.5, 5, 3, 5.5 ], "texture": "#texture" },
        "north": { "uv": [ 2.5, 5, 3, 5.5 ], "texture": "#texture" },
        "south": { "uv": [ 2.5, 5, 3, 5.5 ], "texture": "#texture" },
        "west":  { "uv": [ 2.5, 5, 3, 5.5 ], "texture": "#texture" },
        "east":  { "uv": [ 2.5, 5, 3, 5.5 ], "texture": "#texture" }
    }
},
{
    "from": [ 8.5, 7, 0.5 ],
    "to": [ 10.5, 7.5, 1 ],
    "faces": {
        "down":  { "uv": [ 2.5, 5, 3, 5.5 ], "texture": "#texture" },
        "up":    { "uv": [ 2.5, 5, 3, 5.5 ], "texture": "#texture" },
        "north": { "uv": [ 2.5, 5, 3, 5.5 ], "texture": "#texture" },
        "south": { "uv": [ 2.5, 5, 3, 5.5 ], "texture": "#texture" },
        "west":  { "uv": [ 2.5, 5, 3, 5.5 ], "texture": "#texture" },
        "east":  { "uv": [ 2.5, 5, 3, 5.5 ], "texture": "#texture" }
    }
},
{
    "from": [ 8.5, 8, 0.5 ],
    "to": [ 10.5, 8.5, 1 ],
    "faces": {
        "down":  { "uv": [ 2.5, 5, 3, 5.5 ], "texture": "#texture" },
        "up":    { "uv": [ 2.5, 5, 3, 5.5 ], "texture": "#texture" },
        "north": { "uv": [ 2.5, 5, 3, 5.5 ], "texture": "#texture" },
        "south": { "uv": [ 2.5, 5, 3, 5.5 ], "texture": "#texture" },
        "west":  { "uv": [ 2.5, 5, 3, 5.5 ], "texture": "#texture" },
        "east":  { "uv": [ 2.5, 5, 3, 5.5 ], "texture": "#texture" }
    }
},
{
    "from": [ 10.5, 8, 0.5 ],
    "to": [ 15.5, 8.5, 1 ],
    "rotation": { "origin": [ 10.5, 8, 0.5 ], "axis": "y", "angle": -45 },
    "faces": {
        "down":  { "uv": [ 2.5, 5, 3, 5.5 ], "texture": "#texture" },
        "up":    { "uv": [ 2.5, 5, 3, 5.5 ], "texture": "#texture" },
        "north": { "uv": [ 2.5, 5, 3, 5.5 ], "texture": "#texture" },
        "south": { "uv": [ 2.5, 5, 3, 5.5 ], "texture": "#texture" },
        "west":  { "uv": [ 2.5, 5, 3, 5.5 ], "texture": "#texture" },
        "east":  { "uv": [ 2.5, 5, 3, 5.5 ], "texture": "#texture" }
    }
},
{
    "from": [ 5.5, 7, 0.5 ],
    "to": [ 7.5, 7.5, 1 ],
    "faces": {
        "down":  { "uv": [ 2.5, 5, 3, 5.5 ], "texture": "#texture" },
        "up":    { "uv": [ 2.5, 5, 3, 5.5 ], "texture": "#texture" },
        "north": { "uv": [ 2.5, 5, 3, 5.5 ], "texture": "#texture" },
        "south": { "uv": [ 2.5, 5, 3, 5.5 ], "texture": "#texture" },
        "west":  { "uv": [ 2.5, 5, 3, 5.5 ], "texture": "#texture" },
        "east":  { "uv": [ 2.5, 5, 3, 5.5 ], "texture": "#texture" }
    }
},
{
    "from": [ 2, 7, 4 ],
    "to": [ 7, 7.5, 4.5 ],
    "rotation": { "origin": [ 2, 7, 4 ], "axis": "y", "angle": 45 },
    "faces": {
        "down":  { "uv": [ 2.5, 5, 3, 5.5 ], "texture": "#texture" },
        "up":    { "uv": [ 2.5, 5, 3, 5.5 ], "texture": "#texture" },
        "north": { "uv": [ 2.5, 5, 3, 5.5 ], "texture": "#texture" },
        "south": { "uv": [ 2.5, 5, 3, 5.5 ], "texture": "#texture" },
        "west":  { "uv": [ 2.5, 5, 3, 5.5 ], "texture": "#texture" },
        "east":  { "uv": [ 2.5, 5, 3, 5.5 ], "texture": "#texture" }
    }
},
{
    "from": [ 2, 8, 4 ],
    "to": [ 7, 8.5, 4.5 ],
    "rotation": { "origin": [ 2, 8, 4 ], "axis": "y", "angle": 45 },
    "faces": {
        "down":  { "uv": [ 2.5, 5, 3, 5.5 ], "texture": "#texture" },
        "up":    { "uv": [ 2.5, 5, 3, 5.5 ], "texture": "#texture" },
        "north": { "uv": [ 2.5, 5, 3, 5.5 ], "texture": "#texture" },
        "south": { "uv": [ 2.5, 5, 3, 5.5 ], "texture": "#texture" },
        "west":  { "uv": [ 2.5, 5, 3, 5.5 ], "texture": "#texture" },
        "east":  { "uv": [ 2.5, 5, 3, 5.5 ], "texture": "#texture" }
    }
},
{
    "from": [ 10.5, 7, 0.5 ],
    "to": [ 15.5, 7.5, 1 ],
    "rotation": { "origin": [ 10.5, 7, 0.5 ], "axis": "y", "angle": -45 },
    "faces": {
        "down":  { "uv": [ 2.5, 5, 3, 5.5 ], "texture": "#texture" },
        "up":    { "uv": [ 2.5, 5, 3, 5.5 ], "texture": "#texture" },
        "north": { "uv": [ 2.5, 5, 3, 5.5 ], "texture": "#texture" },
        "south": { "uv": [ 2.5, 5, 3, 5.5 ], "texture": "#texture" },
        "west":  { "uv": [ 2.5, 5, 3, 5.5 ], "texture": "#texture" },
        "east":  { "uv": [ 2.5, 5, 3, 5.5 ], "texture": "#texture" }
    }
},
{
    "from": [ 5.5, 8, 0.5 ],
    "to": [ 7.5, 8.5, 1 ],
    "faces": {
        "down":  { "uv": [ 2.5, 5, 3, 5.5 ], "texture": "#texture" },
        "up":    { "uv": [ 2.5, 5, 3, 5.5 ], "texture": "#texture" },
        "north": { "uv": [ 2.5, 5, 3, 5.5 ], "texture": "#texture" },
        "south": { "uv": [ 2.5, 5, 3, 5.5 ], "texture": "#texture" },
        "west":  { "uv": [ 2.5, 5, 3, 5.5 ], "texture": "#texture" },
        "east":  { "uv": [ 2.5, 5, 3, 5.5 ], "texture": "#texture" }
    }
}
],
"display": {
        "thirdperson": {
            "rotation": [ 90, -180, 0 ],
            "translation": [ 0, 3.4, -2.8 ],
            "scale": [ 1.2, 1.2, 1.2 ]
        },
        "firstperson": {
            "rotation": [ 0, -50, 0 ],
            "translation": [ -9.8, 6.7, 0.1 ],
            "scale": [ 1.2, 1.2, 1.2 ]
        },
        "gui": {
            "rotation": [ 0, 90, 0 ],
            "translation": [ 0, 0, 0 ],
            "scale": [ 1.5, 1.5, 1.5 ]
        },
        "head": {
            "rotation": [ -32, 0, 0 ],
            "translation": [ 0, 10, -2 ],
            "scale": [ 1.2, 1.2, 1.2 ]
        }
    }
}