{
	"parent": "item/handheld",
	"textures": {
		"layer0": "items/gold_hoe"
	},
	"overrides": [
		{ "predicate": { "damage": 0 }, "model": "item/golden_hoe" },
		{ "predicate": { "damaged": 0, "damage": 0.03030303030303 }, "model": "item/golden_hoe1" },
		{ "predicate": { "damaged": 0, "damage": 0.060606060606061 }, "model": "item/golden_hoe2" },
		{ "predicate": { "damaged": 0, "damage": 0.090909090909091 }, "model": "item/golden_hoe3" },
		{ "predicate": { "damaged": 0, "damage": 0.121212121212121 }, "model": "item/golden_hoe4" },
		{ "predicate": { "damaged": 0, "damage": 0.151515151515152 }, "model": "item/golden_hoe5" },
		{ "predicate": { "damaged": 0, "damage": 0.181818181818182 }, "model": "item/golden_hoe6" },
		{ "predicate": { "damaged": 0, "damage": 0.212121212121212 }, "model": "item/golden_hoe7" },
		{ "predicate": { "damaged": 0, "damage": 0.242424242424242 }, "model": "item/golden_hoe8" },
		{ "predicate": { "damaged": 0, "damage": 0.272727272727273 }, "model": "item/golden_hoe9" },
		{ "predicate": { "damaged": 0, "damage": 0.303030303030303 }, "model": "item/golden_hoe10" },
		{ "predicate": { "damaged": 0, "damage": 0.333333333333333 }, "model": "item/golden_hoe11" },
		{ "predicate": { "damaged": 0, "damage": 0.363636363636364 }, "model": "item/golden_hoe12" },
		{ "predicate": { "damaged": 0, "damage": 0.393939393939394 }, "model": "item/golden_hoe13" },
		{ "predicate": { "damaged": 0, "damage": 0.424242424242424 }, "model": "item/golden_hoe14" },
		{ "predicate": { "damaged": 0, "damage": 0.454545454545455 }, "model": "item/golden_hoe15" },
		{ "predicate": { "damaged": 0, "damage": 0.484848484848485 }, "model": "item/golden_hoe16" },
		{ "predicate": { "damaged": 0, "damage": 0.515151515151515 }, "model": "item/golden_hoe17" },
		{ "predicate": { "damaged": 0, "damage": 0.545454545454545 }, "model": "item/golden_hoe18" },
		{ "predicate": { "damaged": 0, "damage": 0.575757575757576 }, "model": "item/golden_hoe19" },
		{ "predicate": { "damaged": 0, "damage": 0.606060606060606 }, "model": "item/golden_hoe20" },
		{ "predicate": { "damaged": 0, "damage": 0.636363636363636 }, "model": "item/golden_hoe21" },
		{ "predicate": { "damaged": 0, "damage": 0.666666666666667 }, "model": "item/golden_hoe22" },
		{ "predicate": { "damaged": 0, "damage": 0.696969696969697 }, "model": "item/golden_hoe23" },
		{ "predicate": { "damaged": 0, "damage": 0.727272727272727 }, "model": "item/golden_hoe24" },
		{ "predicate": { "damaged": 0, "damage": 0.757575757575758 }, "model": "item/golden_hoe25" },
		{ "predicate": { "damaged": 0, "damage": 0.787878787878788 }, "model": "item/golden_hoe26" },
		{ "predicate": { "damaged": 0, "damage": 0.818181818181818 }, "model": "item/golden_hoe27" },
		{ "predicate": { "damaged": 0, "damage": 0.848484848484849 }, "model": "item/golden_hoe28" },
		{ "predicate": { "damaged": 0, "damage": 0.878787878787879 }, "model": "item/golden_hoe29" },
		{ "predicate": { "damaged": 0, "damage": 0.909090909090909 }, "model": "item/golden_hoe30" },
		{ "predicate": { "damaged": 0, "damage": 0.93939393939394 }, "model": "item/custom/SPK" },
		{ "predicate": { "damaged": 0, "damage": 0.96969696969697 }, "model": "item/custom/LGN" },
		{ "predicate": { "damaged": 1 }, "model": "item/golden_hoe" }
	]
}