{
    "__comment": "Model generated using MrCrayfish's Model Creator (http://mrcrayfish.com/modelcreator/)",
    "textures": {
        "0": "blocks/brightgunmodel",
        "1": "blocks/brightwood",
        "2": "blocks/lightgunmodel",
        "3": "blocks/darkgunmodel"
    },
    "elements": [
        {
            "name": "Front Barrel",
            "from": [ -12.0, 7.300000004470348, 7.300000004470348 ], 
            "to": [ 5.0, 8.700000010430813, 8.700000010430813 ], 
            "faces": {
                "north": { "texture": "#0", "uv": [ 4.0, 5.0, 6.0, 6.4000000059604645 ] },
                "east": { "texture": "#0", "uv": [ 3.0, 3.0, 4.4000000059604645, 4.4000000059604645 ] },
                "south": { "texture": "#0", "uv": [ 8.0, 11.0, 10.0, 12.400000005960464 ] },
                "west": { "texture": "#0", "uv": [ 9.0, 6.0, 10.400000005960464, 7.4000000059604645 ] },
                "up": { "texture": "#0", "uv": [ 12.0, 7.0, 14.0, 8.400000005960464 ] },
                "down": { "texture": "#0", "uv": [ 4.0, 14.0, 6.0, 15.400000005960464 ] }
            }
        },
        {
            "name": "Back Barrel",
            "from": [ -1.0, 6.900000013411045, 6.900000013411045 ], 
            "to": [ 10.0, 9.100000001490116, 9.100000001490116 ], 
            "faces": {
                "north": { "texture": "#1", "uv": [ 4.0, 7.0, 14.0, 9.799999997019768 ] },
                "east": { "texture": "#1", "uv": [ 6.0, 6.0, 8.799999997019768, 8.799999997019768 ] },
                "south": { "texture": "#1", "uv": [ 5.0, 7.0, 15.0, 9.799999997019768 ] },
                "west": { "texture": "#1", "uv": [ 3.0, 6.0, 5.799999997019768, 8.799999997019768 ] },
                "up": { "texture": "#1", "uv": [ 5.0, 13.0, 15.0, 15.799999997019768 ] },
                "down": { "texture": "#1", "uv": [ 0.0, 12.0, 10.0, 14.799999997019768 ] }
            }
        },
        {
            "name": "Body",
            "from": [ 9.0, 6.4000000059604645, 6.699999995529652 ], 
            "to": [ 18.0, 9.699999995529652, 9.300000004470348 ], 
            "faces": {
                "north": { "texture": "#1", "uv": [ 8.0, 4.0, 16.0, 7.499999992549419 ] },
                "east": { "texture": "#1", "uv": [ 4.0, 5.0, 6.600000008940697, 8.49999999254942 ] },
                "south": { "texture": "#1", "uv": [ 7.0, 4.0, 15.0, 7.499999992549419 ] },
                "west": { "texture": "#1", "uv": [ 6.0, 3.0, 8.600000008940697, 6.499999992549419 ] },
                "up": { "texture": "#1", "uv": [ 2.0, 10.0, 10.0, 12.600000008940697 ] },
                "down": { "texture": "#1", "uv": [ 7.0, 5.0, 15.0, 7.600000008940697 ] }
            }
        },
        {
            "name": "Back Targeter Main",
            "from": [ 11.0, 9.300000004470348, 7.0 ], 
            "to": [ 12.0, 10.100000001490116, 9.0 ], 
            "faces": {
                "north": { "texture": "#0", "uv": [ 5.0, 5.0, 7.0, 5.799999997019768 ] },
                "east": { "texture": "#0", "uv": [ 1.0, 4.0, 3.0, 4.799999997019768 ] },
                "south": { "texture": "#0", "uv": [ 1.0, 5.0, 2.0, 5.799999997019768 ] },
                "west": { "texture": "#0", "uv": [ 0.0, 10.0, 2.0, 10.799999997019768 ] },
                "up": { "texture": "#0", "uv": [ 1.0, 4.0, 2.0, 6.0 ] },
                "down": { "texture": "#0", "uv": [ 2.0, 0.0, 3.0, 2.0 ] }
            }
        },
        {
            "name": "Back Targeter SL",
            "from": [ 11.100000001490116, 9.799999997019768, 8.500000022351742 ], 
            "to": [ 11.699999995529652, 11.50000000745058, 8.700000010430813 ], 
            "faces": {
                "north": { "texture": "#0", "uv": [ 8.0, 1.0, 8.599999994039536, 2.0 ] },
                "east": { "texture": "#0", "uv": [ 6.0, 4.0, 6.199999988079071, 5.0 ] },
                "south": { "texture": "#0", "uv": [ 4.0, 4.0, 4.5999999940395355, 5.0 ] },
                "west": { "texture": "#0", "uv": [ 3.0, 10.0, 3.199999988079071, 11.0 ] },
                "up": { "texture": "#0", "uv": [ 2.0, 2.0, 2.5999999940395355, 2.199999988079071 ] },
                "down": { "texture": "#0", "uv": [ 10.0, 11.0, 10.599999994039536, 11.199999988079071 ] }
            }
        },
        {
            "name": "Back Targeter SR",
            "from": [ 11.100000001490116, 9.799999997019768, 7.300000004470348 ], 
            "to": [ 11.699999995529652, 11.50000000745058, 7.499999992549419 ], 
            "faces": {
                "north": { "texture": "#0", "uv": [ 0.0, 5.0, 0.5999999940395355, 6.0 ] },
                "east": { "texture": "#0", "uv": [ 3.0, 14.0, 3.199999988079071, 15.0 ] },
                "south": { "texture": "#0", "uv": [ 3.0, 10.0, 3.5999999940395355, 11.0 ] },
                "west": { "texture": "#0", "uv": [ 8.0, 0.0, 8.199999988079071, 1.0 ] },
                "up": { "texture": "#0", "uv": [ 1.0, 0.0, 1.5999999940395355, 0.19999998807907104 ] },
                "down": { "texture": "#0", "uv": [ 13.0, 11.0, 13.599999994039536, 11.199999988079071 ] }
            }
        },
        {
            "name": "Front Targeter Body",
            "from": [ -8.799999997019768, 8.099999986588955, 7.499999992549419 ], 
            "to": [ -8.0, 10.100000016391277, 8.49999999254942 ], 
            "faces": {
                "north": { "texture": "#0", "uv": [ 4.0, 3.0, 4.799999997019768, 6.400000020861626 ] },
                "east": { "texture": "#0", "uv": [ 5.0, 8.0, 6.0, 11.400000020861626 ] },
                "south": { "texture": "#0", "uv": [ 8.0, 10.0, 8.799999997019768, 13.400000020861626 ] },
                "west": { "texture": "#0", "uv": [ 10.0, 7.0, 11.0, 10.400000020861626 ] },
                "up": { "texture": "#0", "uv": [ 10.0, 9.0, 10.799999997019768, 10.0 ] },
                "down": { "texture": "#0", "uv": [ 7.0, 7.0, 7.799999997019768, 8.0 ] }
            }
        },
        {
            "name": "Front Targeter M",
            "from": [ -8.399999991059303, 9.899999983608723, 7.899999998509884 ], 
            "to": [ -8.300000004470348, 11.100000001490116, 8.099999986588955 ], 
            "faces": {
                "north": { "texture": "#0", "uv": [ 12.0, 10.0, 12.099999986588955, 11.200000017881393 ] },
                "east": { "texture": "#0", "uv": [ 10.0, 11.0, 10.199999988079071, 12.200000017881393 ] },
                "south": { "texture": "#0", "uv": [ 12.0, 10.0, 12.099999986588955, 9.200000017881393 ] },
                "west": { "texture": "#0", "uv": [ 13.0, 5.0, 13.199999988079071, 6.200000017881393 ] },
                "up": { "texture": "#0", "uv": [ 12.0, 9.0, 12.099999986588955, 9.199999988079071 ] },
                "down": { "texture": "#0", "uv": [ 12.0, 6.0, 12.099999986588955, 6.199999988079071 ] }
            }
        },
        {
            "name": "Clip",
            "from": [ 9.899999998509884, 7.900000028312206, 8.0 ], 
            "to": [ 12.600000008940697, 9.30000001937151, 15.0 ], 
            "faces": {
                "north": { "texture": "#0", "uv": [ 5.0, 6.0, 7.600000008940697, 9.0 ] },
                "east": { "texture": "#0", "uv": [ 0.0, 9.0, 2.0, 12.0 ] },
                "south": { "texture": "#0", "uv": [ 4.0, 8.0, 6.600000008940697, 11.0 ] },
                "west": { "texture": "#0", "uv": [ 0.0, 8.0, -13.0, 10.0 ] },
                "up": { "texture": "#0", "uv": [ 4.0, 8.0, 6.600000008940697, 10.0 ] },
                "down": { "texture": "#0", "uv": [ 0.0, 8.0, 2.6000000089406967, 10.0 ] }
            }
        },
        {
            "name": "Back Handle",
            "from": [ 14.200000002980232, -0.20000000298023224, 7.0 ], 
            "to": [ 15.899999998509884, 3.7999999970197678, 9.0 ], 
            "rotation": { "origin": [ 8.0, 8.0, 8.0 ], "axis": "z", "angle": 22.5 },
            "faces": {
                "north": { "texture": "#2", "uv": [ 9.0, 11.0, 11.0, 15.0 ] },
                "east": { "texture": "#2", "uv": [ 10.0, 10.0, 12.0, 14.0 ] },
                "south": { "texture": "#2", "uv": [ 8.0, 7.0, 5.0, 11.0 ] },
                "west": { "texture": "#2", "uv": [ 8.0, 7.0, 10.0, 11.0 ] },
                "up": { "texture": "#2", "uv": [ 7.0, 9.0, 9.0, 11.0 ] },
                "down": { "texture": "#2", "uv": [ 8.0, 9.0, 10.0, 11.0 ] }
            }
        },
        {
            "name": "Shooter Vertical Piece",
            "from": [ 12.400000005960464, 2.800000011920929, 7.700000010430813 ], 
            "to": [ 12.599999994039536, 4.800000011920929, 8.300000004470348 ], 
            "rotation": { "origin": [ 8.0, 8.0, 8.0 ], "axis": "z", "angle": 22.5 },
            "faces": {
                "north": { "texture": "#0", "uv": [ 0.0, 0.0, 0.19999998807907104, 2.0 ] },
                "east": { "texture": "#0", "uv": [ 0.0, 0.0, 0.5999999940395355, 2.0 ] },
                "south": { "texture": "#0", "uv": [ 0.0, 0.0, 0.19999998807907104, 2.0 ] },
                "west": { "texture": "#0", "uv": [ 0.0, 0.0, 0.5999999940395355, 2.0 ] },
                "up": { "texture": "#0", "uv": [ 0.0, 0.0, 0.19999998807907104, 0.5999999940395355 ] },
                "down": { "texture": "#0", "uv": [ 0.0, 0.0, 0.19999998807907104, 0.5999999940395355 ] }
            }
        },
        {
            "name": "Shooter Horizontal Piece",
            "from": [ 14.0, 5.000000014901161, 7.700000010430813 ], 
            "to": [ 15.900000013411045, 5.199999988079071, 8.300000004470348 ], 
            "faces": {
                "north": { "texture": "#0", "uv": [ 0.0, 0.0, 1.900000013411045, 0.19999997317790985 ] },
                "east": { "texture": "#0", "uv": [ 0.0, 0.0, 0.5999999940395355, 0.19999997317790985 ] },
                "south": { "texture": "#0", "uv": [ 0.0, 0.0, 1.900000013411045, 0.19999997317790985 ] },
                "west": { "texture": "#0", "uv": [ 0.0, 0.0, 0.5999999940395355, 0.19999997317790985 ] },
                "up": { "texture": "#0", "uv": [ 0.0, 0.0, 1.900000013411045, 0.5999999940395355 ] },
                "down": { "texture": "#0", "uv": [ 0.0, 0.0, 1.900000013411045, 0.5999999940395355 ] }
            }
        },
        {
            "name": "Stock Up",
            "from": [ 18.0, 7.200000002980232, 7.0 ], 
            "to": [ 21.0, 9.200000002980232, 9.0 ], 
            "faces": {
                "north": { "texture": "#1", "uv": [ 6.0, 7.0, 12.0, 9.0 ] },
                "east": { "texture": "#1", "uv": [ 4.0, 5.0, 6.0, 7.0 ] },
                "south": { "texture": "#1", "uv": [ 2.0, 3.0, 8.0, 5.0 ] },
                "west": { "texture": "#1", "uv": [ 2.0, 6.0, 4.0, 8.0 ] },
                "up": { "texture": "#1", "uv": [ 5.0, 8.0, 11.0, 10.0 ] },
                "down": { "texture": "#1", "uv": [ 6.0, 5.0, 12.0, 7.0 ] }
            }
        },
        {
            "name": "Stock Side",
            "from": [ 22.0, 5.3000000193715096, 7.0 ], 
            "to": [ 24.0, 8.299999989569187, 9.0 ], 
            "faces": {
                "north": { "texture": "#1", "uv": [ 7.0, 3.0, 9.0, 5.999999970197678 ] },
                "east": { "texture": "#1", "uv": [ 9.0, 11.0, 11.0, 13.999999970197678 ] },
                "south": { "texture": "#1", "uv": [ 3.0, 7.0, 5.0, 9.999999970197678 ] },
                "west": { "texture": "#1", "uv": [ 7.0, 8.0, 9.0, 10.999999970197678 ] },
                "up": { "texture": "#1", "uv": [ 6.0, 2.0, 8.0, 4.0 ] },
                "down": { "texture": "#1", "uv": [ 4.0, 11.0, 6.0, 13.0 ] }
            }
        },
        {
            "name": "Stock Under",
            "from": [ 17.49999999254942, 11.000000014901161, 7.0 ], 
            "to": [ 22.0, 13.299999974668026, 9.0 ], 
            "rotation": { "origin": [ 8.0, 8.0, 8.0 ], "axis": "z", "angle": -22.5 },
            "faces": {
                "north": { "texture": "#1", "uv": [ 7.0, 8.0, 11.50000000745058, 10.299999959766865 ] },
                "east": { "texture": "#1", "uv": [ 14.0, 13.0, 16.0, 15.299999959766865 ] },
                "south": { "texture": "#1", "uv": [ 6.0, 10.0, 10.50000000745058, 12.299999959766865 ] },
                "west": { "texture": "#1", "uv": [ 7.0, 5.0, 9.0, 7.299999959766865 ] },
                "up": { "texture": "#1", "uv": [ 4.0, 6.0, 8.50000000745058, 8.0 ] },
                "down": { "texture": "#1", "uv": [ 5.0, 5.0, 9.50000000745058, 7.0 ] }
            }
        },
        {
            "name": "Front Targeter Base",
            "from": [ -8.900000013411045, 7.200000002980232, 7.200000002980232 ], 
            "to": [ -7.900000013411045, 8.799999997019768, 8.799999997019768 ], 
            "faces": {
                "north": { "texture": "#0", "uv": [ 2.0, 1.0, 3.0, 2.5999999940395355 ] },
                "east": { "texture": "#0", "uv": [ 6.0, 4.0, 7.5999999940395355, 5.5999999940395355 ] },
                "south": { "texture": "#0", "uv": [ 4.0, 6.0, 5.0, 7.5999999940395355 ] },
                "west": { "texture": "#0", "uv": [ 7.0, 10.0, 8.599999994039536, 11.599999994039536 ] },
                "up": { "texture": "#0", "uv": [ 8.0, 11.0, 9.0, 12.599999994039536 ] },
                "down": { "texture": "#0", "uv": [ 8.0, 6.0, 9.0, 7.5999999940395355 ] }
            }
        },
        {
            "name": "Stock Up2",
            "from": [ 18.799999982118607, 6.899999998509884, 7.0 ], 
            "to": [ 21.799999982118607, 8.899999998509884, 9.0 ], 
            "faces": {
                "north": { "texture": "#1", "uv": [ 6.0, 7.0, 12.0, 9.0 ] },
                "east": { "texture": "#1", "uv": [ 4.0, 5.0, 6.0, 7.0 ] },
                "south": { "texture": "#1", "uv": [ 2.0, 3.0, 8.0, 5.0 ] },
                "west": { "texture": "#1", "uv": [ 2.0, 6.0, 4.0, 8.0 ] },
                "up": { "texture": "#1", "uv": [ 5.0, 8.0, 11.0, 10.0 ] },
                "down": { "texture": "#1", "uv": [ 6.0, 5.0, 12.0, 7.0 ] }
            }
        },
        {
            "name": "Stock Up3",
            "from": [ 19.799999982118607, 6.5999999940395355, 7.0 ], 
            "to": [ 22.799999982118607, 8.599999994039536, 9.0 ], 
            "faces": {
                "north": { "texture": "#1", "uv": [ 5.0, 4.0, 11.0, 6.0 ] },
                "east": { "texture": "#1", "uv": [ 4.0, 5.0, 6.0, 7.0 ] },
                "south": { "texture": "#1", "uv": [ 6.0, 9.0, 12.0, 11.0 ] },
                "west": { "texture": "#1", "uv": [ 4.0, 8.0, -4.0, 14.0 ] },
                "up": { "texture": "#1", "uv": [ 4.0, 0.0, 10.0, 2.0 ] },
                "down": { "texture": "#1", "uv": [ 3.0, 11.0, 9.0, 13.0 ] }
            }
        },
        {
            "name": "Back Targeter Top",
            "from": [ 11.100000001490116, 11.30000001937151, 7.300000004470348 ], 
            "to": [ 11.699999995529652, 11.50000000745058, 8.700000010430813 ], 
            "faces": {
                "north": { "texture": "#0", "uv": [ 0.0, 5.0, 0.5999999940395355, 6.0 ] },
                "east": { "texture": "#0", "uv": [ 3.0, 14.0, 3.199999988079071, 15.0 ] },
                "south": { "texture": "#0", "uv": [ 3.0, 10.0, 3.5999999940395355, 11.0 ] },
                "west": { "texture": "#0", "uv": [ 8.0, 0.0, 8.199999988079071, 1.0 ] },
                "up": { "texture": "#0", "uv": [ 1.0, 0.0, 1.5999999940395355, 0.19999998807907104 ] },
                "down": { "texture": "#0", "uv": [ 13.0, 11.0, 13.599999994039536, 11.199999988079071 ] }
            }
        },
        {
            "name": "Cube",
            "from": [ 11.300000004470348, 10.900000013411045, 7.300000004470348 ], 
            "to": [ 11.399999991059303, 11.0, 8.700000010430813 ], 
            "faces": {
                "north": { "texture": "#0", "uv": [ 0.0, 5.0, 0.5999999940395355, 6.0 ] },
                "east": { "texture": "#0", "uv": [ 3.0, 14.0, 3.199999988079071, 15.0 ] },
                "south": { "texture": "#0", "uv": [ 3.0, 10.0, 3.5999999940395355, 11.0 ] },
                "west": { "texture": "#0", "uv": [ 8.0, 0.0, 8.199999988079071, 1.0 ] },
                "up": { "texture": "#0", "uv": [ 1.0, 0.0, 1.5999999940395355, 0.19999998807907104 ] },
                "down": { "texture": "#0", "uv": [ 13.0, 11.0, 13.599999994039536, 11.199999988079071 ] }
            }
        },
        {
            "name": "Cube",
            "from": [ 11.300000004470348, 10.400000005960464, 7.300000004470348 ], 
            "to": [ 11.399999991059303, 10.49999999254942, 8.700000010430813 ], 
            "faces": {
                "north": { "texture": "#0", "uv": [ 0.0, 5.0, 0.5999999940395355, 6.0 ] },
                "east": { "texture": "#0", "uv": [ 3.0, 14.0, 3.199999988079071, 15.0 ] },
                "south": { "texture": "#0", "uv": [ 3.0, 10.0, 3.5999999940395355, 11.0 ] },
                "west": { "texture": "#0", "uv": [ 8.0, 0.0, 8.199999988079071, 1.0 ] },
                "up": { "texture": "#0", "uv": [ 1.0, 0.0, 1.5999999940395355, 0.19999998807907104 ] },
                "down": { "texture": "#0", "uv": [ 13.0, 11.0, 13.599999994039536, 11.199999988079071 ] }
            }
        },
        {
            "name": "Cube",
            "from": [ 2.899999998509884, 3.9000000283122063, 9.100000016391277 ], 
            "to": [ 5.600000008940697, 9.899999998509884, 10.50000000745058 ], 
            "faces": {
                "north": { "texture": "#0", "uv": [ 5.0, 6.0, 7.600000008940697, 9.0 ] },
                "east": { "texture": "#0", "uv": [ 0.0, 9.0, 2.0, 12.0 ] },
                "south": { "texture": "#0", "uv": [ 4.0, 8.0, 6.600000008940697, 11.0 ] },
                "west": { "texture": "#0", "uv": [ 0.0, 8.0, -13.0, 10.0 ] },
                "up": { "texture": "#0", "uv": [ 4.0, 8.0, 6.600000008940697, 10.0 ] },
                "down": { "texture": "#0", "uv": [ 0.0, 8.0, 2.6000000089406967, 10.0 ] }
            }
        },
        {
            "name": "Cube",
            "from": [ 5.699999995529652, 3.9000000283122063, 9.100000016391277 ], 
            "to": [ 8.400000005960464, 9.900000013411045, 10.50000000745058 ], 
            "faces": {
                "north": { "texture": "#0", "uv": [ 5.0, 6.0, 7.600000008940697, 9.0 ] },
                "east": { "texture": "#0", "uv": [ 0.0, 9.0, 2.0, 12.0 ] },
                "south": { "texture": "#0", "uv": [ 4.0, 8.0, 6.600000008940697, 11.0 ] },
                "west": { "texture": "#0", "uv": [ 0.0, 8.0, -13.0, 10.0 ] },
                "up": { "texture": "#0", "uv": [ 4.0, 8.0, 6.600000008940697, 10.0 ] },
                "down": { "texture": "#0", "uv": [ 0.0, 8.0, 2.6000000089406967, 10.0 ] }
            }
        },
        {
            "name": "Cube",
            "from": [ 2.6999999955296516, 8.900000028312206, 10.30000003427267 ], 
            "to": [ 9.199999988079071, 9.300000004470348, 10.700000010430813 ], 
            "rotation": { "origin": [ 8.0, 8.0, 8.0 ], "axis": "z", "angle": 22.5 },
            "faces": {
                "north": { "texture": "#3", "uv": [ 5.0, 6.0, 14.600000008940697, 7.0 ] },
                "east": { "texture": "#3", "uv": [ 0.0, 9.0, 2.0, 12.0 ] },
                "south": { "texture": "#3", "uv": [ 4.0, 8.0, 14.600000008940697, 9.0 ] },
                "west": { "texture": "#3", "uv": [ 14.0, 6.0, 10.0, 10.0 ] },
                "up": { "texture": "#3", "uv": [ 4.0, 8.0, 14.600000008940697, 9.0 ] },
                "down": { "texture": "#3", "uv": [ 0.0, 8.0, 12.600000008940697, 9.0 ] }
            }
        },
        {
            "name": "Cube",
            "from": [ 2.6999999955296516, 6.799999998509884, 6.600000038743019 ], 
            "to": [ 3.099999986588955, 7.199999974668026, 10.700000010430813 ], 
            "faces": {
                "north": { "texture": "#3", "uv": [ 5.0, 6.0, 14.600000008940697, 7.0 ] },
                "east": { "texture": "#3", "uv": [ 0.0, 9.0, 2.0, 12.0 ] },
                "south": { "texture": "#3", "uv": [ 4.0, 8.0, 14.600000008940697, 9.0 ] },
                "west": { "texture": "#3", "uv": [ 14.0, 6.0, 10.0, 10.0 ] },
                "up": { "texture": "#3", "uv": [ 4.0, 8.0, 14.600000008940697, 9.0 ] },
                "down": { "texture": "#3", "uv": [ 0.0, 8.0, 12.600000008940697, 9.0 ] }
            }
        },
        {
            "name": "Cube",
            "from": [ 2.6999999955296516, 8.900000028312206, 6.500000037252903 ], 
            "to": [ 8.69999998062849, 9.300000004470348, 6.900000013411045 ], 
            "rotation": { "origin": [ 8.0, 8.0, 8.0 ], "axis": "z", "angle": 22.5 },
            "faces": {
                "north": { "texture": "#3", "uv": [ 5.0, 6.0, 14.600000008940697, 7.0 ] },
                "east": { "texture": "#3", "uv": [ 0.0, 9.0, 2.0, 12.0 ] },
                "south": { "texture": "#3", "uv": [ 4.0, 8.0, 14.600000008940697, 9.0 ] },
                "west": { "texture": "#3", "uv": [ 14.0, 6.0, 10.0, 10.0 ] },
                "up": { "texture": "#3", "uv": [ 4.0, 8.0, 14.600000008940697, 9.0 ] },
                "down": { "texture": "#3", "uv": [ 0.0, 8.0, 12.600000008940697, 9.0 ] }
            }
        },
        {
            "name": "Cube",
            "from": [ 8.49999999254942, 9.000000001490116, 6.700000040233135 ], 
            "to": [ 8.899999983608723, 9.399999977648259, 8.19999997317791 ], 
            "rotation": { "origin": [ 8.0, 8.0, 8.0 ], "axis": "y", "angle": 22.5 },
            "faces": {
                "north": { "texture": "#3", "uv": [ 5.0, 6.0, 14.600000008940697, 7.0 ] },
                "east": { "texture": "#3", "uv": [ 0.0, 9.0, 2.0, 12.0 ] },
                "south": { "texture": "#3", "uv": [ 4.0, 8.0, 14.600000008940697, 9.0 ] },
                "west": { "texture": "#3", "uv": [ 14.0, 6.0, 10.0, 10.0 ] },
                "up": { "texture": "#3", "uv": [ 4.0, 8.0, 14.600000008940697, 9.0 ] },
                "down": { "texture": "#3", "uv": [ 0.0, 8.0, 12.600000008940697, 9.0 ] }
            }
        },
        {
            "name": "Cube",
            "from": [ 8.49999999254942, 9.200000004470349, 7.900000028312206 ], 
            "to": [ 8.899999983608723, 9.59999998062849, 10.299999974668026 ], 
            "faces": {
                "north": { "texture": "#3", "uv": [ 5.0, 6.0, 14.600000008940697, 7.0 ] },
                "east": { "texture": "#3", "uv": [ 0.0, 9.0, 2.0, 12.0 ] },
                "south": { "texture": "#3", "uv": [ 4.0, 8.0, 14.600000008940697, 9.0 ] },
                "west": { "texture": "#3", "uv": [ 14.0, 6.0, 10.0, 10.0 ] },
                "up": { "texture": "#3", "uv": [ 4.0, 8.0, 14.600000008940697, 9.0 ] },
                "down": { "texture": "#3", "uv": [ 0.0, 8.0, 12.600000008940697, 9.0 ] }
            }
        }
    ],
    "display": {
    "thirdperson_righthand": {
        "rotation": [ 90, -90, 90 ],
        "translation": [ 0, 4, -1.7 ],
        "scale": [ 0.75, 0.75, 0.75 ]
    },
	"thirdperson_lefthand": {
        "rotation": [ -90, 90, 90 ],
        "translation": [ 0, 4, -1.7 ],
        "scale": [ 0.75, 0.75, 0.75 ]
    },
    "ground": {
        "rotation": [ 0, 0, 0 ],
        "translation": [ 0, 0, 0 ],
        "scale": [ 1, 1, 1 ]
    },
    "fixed": {
        "rotation": [ 0, 180, -45 ],
        "translation": [ -0.9, -1.1, -1.2 ],
        "scale": [ 1.5, 1.5, 1.5 ]
    },
    "firstperson_righthand": {
        "rotation": [ 0, -90, 0 ],
        "translation": [ 3.4, 2.4, -3.8 ],
        "scale": [ 2, 2, 2 ]
    },
	"firstperson_lefthand": {
        "rotation": [ 0, 90, 0 ],
        "translation": [ 3.4, 2.4, -3.8 ],
        "scale": [ 2, 2, 2 ]
    },
    "gui": {
        "rotation": [ -30, 135, -45 ],
        "translation": [ -1.8, -1.9, 0.8 ],
        "scale": [ 0.9, 0.9, 0.9 ]
    }
}
}