{
"__comment": "Designed by Corporalblober with BDcraft Cubik PRO 0.95 Beta - http://bdcraft.net",
"textures": {
    "particle": "blocks/anvil 1",
    "texture": "blocks/hardened clay stained cyan",
    "anvil 1": "blocks/anvil 1"
},
"elements": [ 
{
    "from": [ -7, 9.5, 7.75 ],
    "to": [ -1.75, 10, 8.25 ],
    "faces": {
        "down":  { "uv": [ 16, 8.25, 16, 7.75 ], "texture": "#texture", "cullface": "west" },
        "up":    { "uv": [ 0, 7.75, 0, 8.25 ], "texture": "#texture", "cullface": "west" },
        "north": { "uv": [ 16, 6, 16, 6.5 ], "texture": "#texture", "cullface": "west" },
        "south": { "uv": [ 0, 6, 0, 6.5 ], "texture": "#texture", "cullface": "west" },
        "west":  { "uv": [ 7.75, 6, 8.25, 6.5 ], "texture": "#texture", "cullface": "west" },
        "east":  { "uv": [ 7.75, 6, 8.25, 6.5 ], "texture": "#texture", "cullface": "west" }
    }
},
{
    "from": [ -1.75, 10, 7.25 ],
    "to": [ 9.25, 10.25, 8.75 ],
    "faces": {
        "down":  { "uv": [ 16, 8.75, 6.75, 7.25 ], "texture": "#texture", "cullface": "west" },
        "up":    { "uv": [ 0, 7.25, 9.25, 8.75 ], "texture": "#texture", "cullface": "west" },
        "north": { "uv": [ 6.75, 5.75, 16, 6 ], "texture": "#texture", "cullface": "west" },
        "south": { "uv": [ 0, 5.75, 9.25, 6 ], "texture": "#texture", "cullface": "west" },
        "west":  { "uv": [ 7.25, 5.75, 8.75, 6 ], "texture": "#texture", "cullface": "west" },
        "east":  { "uv": [ 7.25, 5.75, 8.75, 6 ], "texture": "#texture", "cullface": "west" }
    }
},
{
    "from": [ -1.75, 9.75, 7.25 ],
    "to": [ -1, 10, 8.75 ],
    "faces": {
        "north": { "uv": [ 16, 6, 16, 6.25 ], "texture": "#texture", "cullface": "west" },
        "south": { "uv": [ 0, 6, 0, 6.25 ], "texture": "#texture", "cullface": "west" },
        "west":  { "uv": [ 7.25, 6, 8.75, 6.25 ], "texture": "#texture", "cullface": "west" },
        "east":  { "uv": [ 7.25, 6, 8.75, 6.25 ], "texture": "#texture", "cullface": "west" }
    }
},
{
    "from": [ 0, 9.75, 7.25 ],
    "to": [ 0.25, 10, 8.75 ],
    "faces": {
        "north": { "uv": [ 15.75, 6, 16, 6.25 ], "texture": "#texture" },
        "south": { "uv": [ 0, 6, 0.25, 6.25 ], "texture": "#texture" },
        "west":  { "uv": [ 7.25, 6, 8.75, 6.25 ], "texture": "#texture", "cullface": "west" },
        "east":  { "uv": [ 7.25, 6, 8.75, 6.25 ], "texture": "#texture" }
    }
},
{
    "from": [ 1.25, 9.75, 7.25 ],
    "to": [ 1.5, 10, 8.75 ],
    "faces": {
        "north": { "uv": [ 14.5, 6, 14.75, 6.25 ], "texture": "#texture" },
        "south": { "uv": [ 1.25, 6, 1.5, 6.25 ], "texture": "#texture" },
        "west":  { "uv": [ 7.25, 6, 8.75, 6.25 ], "texture": "#texture" },
        "east":  { "uv": [ 7.25, 6, 8.75, 6.25 ], "texture": "#texture" }
    }
},
{
    "from": [ 2.5, 9.75, 7.25 ],
    "to": [ 2.75, 10, 8.75 ],
    "faces": {
        "north": { "uv": [ 13.25, 6, 13.5, 6.25 ], "texture": "#texture" },
        "south": { "uv": [ 2.5, 6, 2.75, 6.25 ], "texture": "#texture" },
        "west":  { "uv": [ 7.25, 6, 8.75, 6.25 ], "texture": "#texture" },
        "east":  { "uv": [ 7.25, 6, 8.75, 6.25 ], "texture": "#texture" }
    }
},
{
    "from": [ 3.75, 9.75, 7.25 ],
    "to": [ 4, 10, 8.75 ],
    "faces": {
        "north": { "uv": [ 12, 6, 12.25, 6.25 ], "texture": "#texture" },
        "south": { "uv": [ 3.75, 6, 4, 6.25 ], "texture": "#texture" },
        "west":  { "uv": [ 7.25, 6, 8.75, 6.25 ], "texture": "#texture" },
        "east":  { "uv": [ 7.25, 6, 8.75, 6.25 ], "texture": "#texture" }
    }
},
{
    "from": [ 5, 9.75, 7.25 ],
    "to": [ 5.25, 10, 8.75 ],
    "faces": {
        "north": { "uv": [ 10.75, 6, 11, 6.25 ], "texture": "#texture" },
        "south": { "uv": [ 5, 6, 5.25, 6.25 ], "texture": "#texture" },
        "west":  { "uv": [ 7.25, 6, 8.75, 6.25 ], "texture": "#texture" },
        "east":  { "uv": [ 7.25, 6, 8.75, 6.25 ], "texture": "#texture" }
    }
},
{
    "from": [ 6.25, 9.75, 7.25 ],
    "to": [ 6.5, 10, 8.75 ],
    "faces": {
        "north": { "uv": [ 9.5, 6, 9.75, 6.25 ], "texture": "#texture" },
        "south": { "uv": [ 6.25, 6, 6.5, 6.25 ], "texture": "#texture" },
        "west":  { "uv": [ 7.25, 6, 8.75, 6.25 ], "texture": "#texture" },
        "east":  { "uv": [ 7.25, 6, 8.75, 6.25 ], "texture": "#texture" }
    }
},
{
    "from": [ 7.5, 9.75, 7.25 ],
    "to": [ 7.75, 10, 8.75 ],
    "faces": {
        "north": { "uv": [ 8.25, 6, 8.5, 6.25 ], "texture": "#texture" },
        "south": { "uv": [ 7.5, 6, 7.75, 6.25 ], "texture": "#texture" },
        "west":  { "uv": [ 7.25, 6, 8.75, 6.25 ], "texture": "#texture" },
        "east":  { "uv": [ 7.25, 6, 8.75, 6.25 ], "texture": "#texture" }
    }
},
{
    "from": [ 8.75, 9.75, 7.25 ],
    "to": [ 9.25, 10, 8.75 ],
    "faces": {
        "north": { "uv": [ 6.75, 6, 7.25, 6.25 ], "texture": "#texture" },
        "south": { "uv": [ 8.75, 6, 9.25, 6.25 ], "texture": "#texture" },
        "west":  { "uv": [ 7.25, 6, 8.75, 6.25 ], "texture": "#texture" },
        "east":  { "uv": [ 7.25, 6, 8.75, 6.25 ], "texture": "#texture" }
    }
},
{
    "from": [ 5, 10.25, 7.5 ],
    "to": [ 9.25, 10.5, 8.5 ],
    "faces": {
        "up":    { "uv": [ 5, 7.5, 9.25, 8.5 ], "texture": "#texture" },
        "north": { "uv": [ 6.75, 5.5, 11, 5.75 ], "texture": "#texture" },
        "south": { "uv": [ 5, 5.5, 9.25, 5.75 ], "texture": "#texture" },
        "west":  { "uv": [ 7.5, 5.5, 8.5, 5.75 ], "texture": "#texture" },
        "east":  { "uv": [ 7.5, 5.5, 8.5, 5.75 ], "texture": "#texture" }
    }
},
{
    "from": [ -1.75, 9.5, 7.25 ],
    "to": [ 9.25, 9.75, 8.75 ],
    "faces": {
        "down":  { "uv": [ 16, 8.75, 6.75, 7.25 ], "texture": "#texture", "cullface": "west" },
        "up":    { "uv": [ 0, 7.25, 9.25, 8.75 ], "texture": "#texture", "cullface": "west" },
        "north": { "uv": [ 6.75, 6.25, 16, 6.5 ], "texture": "#texture", "cullface": "west" },
        "south": { "uv": [ 0, 6.25, 9.25, 6.5 ], "texture": "#texture", "cullface": "west" },
        "west":  { "uv": [ 7.25, 6.25, 8.75, 6.5 ], "texture": "#texture", "cullface": "west" },
        "east":  { "uv": [ 7.25, 6.25, 8.75, 6.5 ], "texture": "#texture", "cullface": "west" }
    }
},
{
    "from": [ -1, 9, 7.5 ],
    "to": [ 9, 9.5, 8.5 ],
    "faces": {
        "north": { "uv": [ 7, 6.5, 16, 7 ], "texture": "#texture", "cullface": "west" },
        "south": { "uv": [ 0, 6.5, 9, 7 ], "texture": "#texture", "cullface": "west" }
    }
},
{
    "from": [ 9, 8.25, 7.25 ],
    "to": [ 9.25, 9.5, 8.75 ],
    "faces": {
        "down":  { "uv": [ 7, 8.75, 6.75, 7.25 ], "texture": "#texture" },
        "north": { "uv": [ 6.75, 6.5, 7, 7.75 ], "texture": "#texture" },
        "south": { "uv": [ 9, 6.5, 9.25, 7.75 ], "texture": "#texture" },
        "west":  { "uv": [ 7.25, 6.5, 8.75, 7.75 ], "texture": "#texture" },
        "east":  { "uv": [ 7.25, 6.5, 8.75, 7.75 ], "texture": "#texture" }
    }
},
{
    "from": [ -1.75, 8.25, 7.25 ],
    "to": [ -1, 9.5, 8.75 ],
    "faces": {
        "down":  { "uv": [ 16, 8.75, 16, 7.25 ], "texture": "#texture", "cullface": "west" },
        "north": { "uv": [ 16, 6.5, 16, 7.75 ], "texture": "#texture", "cullface": "west" },
        "south": { "uv": [ 0, 6.5, 0, 7.75 ], "texture": "#texture", "cullface": "west" },
        "west":  { "uv": [ 7.25, 6.5, 8.75, 7.75 ], "texture": "#texture", "cullface": "west" },
        "east":  { "uv": [ 7.25, 6.5, 8.75, 7.75 ], "texture": "#texture", "cullface": "west" }
    }
},
{
    "from": [ -1, 8.75, 7.25 ],
    "to": [ 9, 9, 8.75 ],
    "faces": {
        "down":  { "uv": [ 16, 8.75, 7, 7.25 ], "texture": "#texture", "cullface": "west" },
        "up":    { "uv": [ 0, 7.25, 9, 8.75 ], "texture": "#texture", "cullface": "west" },
        "north": { "uv": [ 7, 7, 16, 7.25 ], "texture": "#texture", "cullface": "west" },
        "south": { "uv": [ 0, 7, 9, 7.25 ], "texture": "#texture", "cullface": "west" }
    }
},
{
    "from": [ -1.75, 8, 7.5 ],
    "to": [ 9.25, 8.25, 8.5 ],
    "faces": {
        "down":  { "uv": [ 16, 8.5, 6.75, 7.5 ], "texture": "#texture", "cullface": "west" },
        "up":    { "uv": [ 0, 7.5, 9.25, 8.5 ], "texture": "#texture", "cullface": "west" },
        "north": { "uv": [ 6.75, 7.75, 16, 8 ], "texture": "#texture", "cullface": "west" },
        "south": { "uv": [ 0, 7.75, 9.25, 8 ], "texture": "#texture", "cullface": "west" },
        "west":  { "uv": [ 7.5, 7.75, 8.5, 8 ], "texture": "#texture", "cullface": "west" },
        "east":  { "uv": [ 7.5, 7.75, 8.5, 8 ], "texture": "#texture", "cullface": "west" }
    }
},
{
    "from": [ -1.5, 8, 7 ],
    "to": [ 7, 9.5, 9 ],
    "faces": {
        "down":  { "uv": [ 16, 9, 9, 7 ], "texture": "#anvil 1", "cullface": "west" },
        "up":    { "uv": [ 0, 7, 7, 9 ], "texture": "#anvil 1", "cullface": "west" },
        "north": { "uv": [ 9, 6.5, 16, 8 ], "texture": "#anvil 1", "cullface": "west" },
        "south": { "uv": [ 0, 6.5, 7, 8 ], "texture": "#anvil 1", "cullface": "west" },
        "west":  { "uv": [ 7, 6.5, 9, 8 ], "texture": "#anvil 1", "cullface": "west" },
        "east":  { "uv": [ 7, 6.5, 9, 8 ], "texture": "#anvil 1", "cullface": "west" }
    }
},
{
    "from": [ -1.5, 7.75, 7.25 ],
    "to": [ 7, 8, 8.75 ],
    "faces": {
        "down":  { "uv": [ 16, 8.75, 9, 7.25 ], "texture": "#anvil 1", "cullface": "west" },
        "north": { "uv": [ 9, 8, 16, 8.25 ], "texture": "#anvil 1", "cullface": "west" },
        "south": { "uv": [ 0, 8, 7, 8.25 ], "texture": "#anvil 1", "cullface": "west" },
        "west":  { "uv": [ 7.25, 8, 8.75, 8.25 ], "texture": "#anvil 1", "cullface": "west" },
        "east":  { "uv": [ 7.25, 8, 8.75, 8.25 ], "texture": "#anvil 1", "cullface": "west" }
    }
},
{
    "from": [ 6.5, 7.5, 7.25 ],
    "to": [ 7, 7.75, 8.75 ],
    "faces": {
        "down":  { "uv": [ 9.5, 8.75, 9, 7.25 ], "texture": "#anvil 1" },
        "north": { "uv": [ 9, 8.25, 9.5, 8.5 ], "texture": "#anvil 1" },
        "south": { "uv": [ 6.5, 8.25, 7, 8.5 ], "texture": "#anvil 1" },
        "west":  { "uv": [ 7.25, 8.25, 8.75, 8.5 ], "texture": "#anvil 1" },
        "east":  { "uv": [ 7.25, 8.25, 8.75, 8.5 ], "texture": "#anvil 1" }
    }
},
{
    "from": [ -1, 7.5, 7.5 ],
    "to": [ 3.5, 7.75, 8.5 ],
    "faces": {
        "down":  { "uv": [ 16, 8.5, 12.5, 7.5 ], "texture": "#anvil 1", "cullface": "west" },
        "north": { "uv": [ 12.5, 8.25, 16, 8.5 ], "texture": "#anvil 1", "cullface": "west" },
        "south": { "uv": [ 0, 8.25, 3.5, 8.5 ], "texture": "#anvil 1", "cullface": "west" },
        "west":  { "uv": [ 7.5, 8.25, 8.5, 8.5 ], "texture": "#anvil 1", "cullface": "west" },
        "east":  { "uv": [ 7.5, 8.25, 8.5, 8.5 ], "texture": "#anvil 1", "cullface": "west" }
    }
},
{
    "from": [ -8, 9.25, 7.75 ],
    "to": [ -6.75, 9.5, 8.25 ],
    "faces": {
        "down":  { "uv": [ 16, 8.25, 16, 7.75 ], "texture": "#texture", "cullface": "west" },
        "up":    { "uv": [ 0, 7.75, 0, 8.25 ], "texture": "#texture", "cullface": "west" },
        "north": { "uv": [ 16, 6.5, 16, 6.75 ], "texture": "#texture", "cullface": "west" },
        "south": { "uv": [ 0, 6.5, 0, 6.75 ], "texture": "#texture", "cullface": "west" },
        "west":  { "uv": [ 7.75, 6.5, 8.25, 6.75 ], "texture": "#texture", "cullface": "west" },
        "east":  { "uv": [ 7.75, 6.5, 8.25, 6.75 ], "texture": "#texture", "cullface": "west" }
    }
},
{
    "from": [ -8, 10, 7.75 ],
    "to": [ -6.75, 10.25, 8.25 ],
    "faces": {
        "down":  { "uv": [ 16, 8.25, 16, 7.75 ], "texture": "#texture", "cullface": "west" },
        "up":    { "uv": [ 0, 7.75, 0, 8.25 ], "texture": "#texture", "cullface": "west" },
        "north": { "uv": [ 16, 5.75, 16, 6 ], "texture": "#texture", "cullface": "west" },
        "south": { "uv": [ 0, 5.75, 0, 6 ], "texture": "#texture", "cullface": "west" },
        "west":  { "uv": [ 7.75, 5.75, 8.25, 6 ], "texture": "#texture", "cullface": "west" },
        "east":  { "uv": [ 7.75, 5.75, 8.25, 6 ], "texture": "#texture", "cullface": "west" }
    }
},
{
    "from": [ -8, 9.5, 7.5 ],
    "to": [ -6.75, 10, 7.75 ],
    "faces": {
        "down":  { "uv": [ 16, 7.75, 16, 7.5 ], "texture": "#texture", "cullface": "west" },
        "up":    { "uv": [ 0, 7.5, 0, 7.75 ], "texture": "#texture", "cullface": "west" },
        "north": { "uv": [ 16, 6, 16, 6.5 ], "texture": "#texture", "cullface": "west" },
        "south": { "uv": [ 0, 6, 0, 6.5 ], "texture": "#texture", "cullface": "west" },
        "west":  { "uv": [ 7.5, 6, 7.75, 6.5 ], "texture": "#texture", "cullface": "west" },
        "east":  { "uv": [ 8.25, 6, 8.5, 6.5 ], "texture": "#texture", "cullface": "west" }
    }
},
{
    "from": [ -8, 9.5, 8.25 ],
    "to": [ -6.75, 10, 8.5 ],
    "faces": {
        "down":  { "uv": [ 16, 8.5, 16, 8.25 ], "texture": "#texture", "cullface": "west" },
        "up":    { "uv": [ 0, 8.25, 0, 8.5 ], "texture": "#texture", "cullface": "west" },
        "north": { "uv": [ 16, 6, 16, 6.5 ], "texture": "#texture", "cullface": "west" },
        "south": { "uv": [ 0, 6, 0, 6.5 ], "texture": "#texture", "cullface": "west" },
        "west":  { "uv": [ 8.25, 6, 8.5, 6.5 ], "texture": "#texture", "cullface": "west" },
        "east":  { "uv": [ 7.5, 6, 7.75, 6.5 ], "texture": "#texture", "cullface": "west" }
    }
},
{
    "from": [ 7, 8.25, 7.25 ],
    "to": [ 9, 8.5, 8.75 ],
    "faces": {
        "down":  { "uv": [ 9, 8.75, 7, 7.25 ], "texture": "#texture" },
        "up":    { "uv": [ 7, 7.25, 9, 8.75 ], "texture": "#texture" },
        "north": { "uv": [ 7, 7.5, 9, 7.75 ], "texture": "#texture" },
        "south": { "uv": [ 7, 7.5, 9, 7.75 ], "texture": "#texture" }
    }
},
{
    "from": [ 7.75, 8.5, 7.25 ],
    "to": [ 8.25, 8.75, 8.75 ],
    "faces": {
        "north": { "uv": [ 7.75, 7.25, 8.25, 7.5 ], "texture": "#texture" },
        "south": { "uv": [ 7.75, 7.25, 8.25, 7.5 ], "texture": "#texture" },
        "west":  { "uv": [ 7.25, 7.25, 8.75, 7.5 ], "texture": "#texture" },
        "east":  { "uv": [ 7.25, 7.25, 8.75, 7.5 ], "texture": "#texture" }
    }
},
{
    "from": [ -1.5, 8.25, 7.75 ],
    "to": [ 9, 10, 8.25 ],
    "faces": {
        "north": { "uv": [ 7, 6, 16, 7.75 ], "texture": "#anvil 1", "cullface": "west" },
        "south": { "uv": [ 0, 6, 9, 7.75 ], "texture": "#anvil 1", "cullface": "west" },
        "west":  { "uv": [ 7.75, 6, 8.25, 7.75 ], "texture": "#anvil 1", "cullface": "west" },
        "east":  { "uv": [ 7.75, 6, 8.25, 7.75 ], "texture": "#anvil 1", "cullface": "west" }
    }
},
{
    "from": [ 9.25, 9.5, 7.5 ],
    "to": [ 15.75, 10, 8.5 ],
    "faces": {
        "down":  { "uv": [ 6.75, 8.5, 0.25, 7.5 ], "texture": "#texture" },
        "up":    { "uv": [ 9.25, 7.5, 15.75, 8.5 ], "texture": "#texture" },
        "north": { "uv": [ 0.25, 6, 6.75, 6.5 ], "texture": "#texture" },
        "south": { "uv": [ 9.25, 6, 15.75, 6.5 ], "texture": "#texture" },
        "west":  { "uv": [ 7.5, 6, 8.5, 6.5 ], "texture": "#texture" }
    }
},
{
    "from": [ 9.25, 10, 7.75 ],
    "to": [ 15.5, 10.25, 8.25 ],
    "faces": {
        "up":    { "uv": [ 9.25, 7.75, 15.5, 8.25 ], "texture": "#texture" },
        "north": { "uv": [ 0.5, 5.75, 6.75, 6 ], "texture": "#texture" },
        "south": { "uv": [ 9.25, 5.75, 15.5, 6 ], "texture": "#texture" },
        "east":  { "uv": [ 7.75, 5.75, 8.25, 6 ], "texture": "#texture" }
    }
},
{
    "from": [ 15.75, 8.25, 7.5 ],
    "to": [ 17, 10, 8.5 ],
    "faces": {
        "up":    { "uv": [ 15.75, 7.5, 16, 8.5 ], "texture": "#anvil 1", "cullface": "east" },
        "north": { "uv": [ 0, 6, 0.25, 7.75 ], "texture": "#anvil 1", "cullface": "east" },
        "south": { "uv": [ 15.75, 6, 16, 7.75 ], "texture": "#anvil 1", "cullface": "east" },
        "west":  { "uv": [ 7.5, 6, 8.5, 7.75 ], "texture": "#anvil 1", "cullface": "east" },
        "east":  { "uv": [ 7.5, 6, 8.5, 7.75 ], "texture": "#anvil 1", "cullface": "east" }
    }
},
{
    "from": [ 17, 8, 7.5 ],
    "to": [ 17.25, 9.75, 8.5 ],
    "faces": {
        "down":  { "uv": [ 0, 8.5, 0, 7.5 ], "texture": "#anvil 1", "cullface": "east" },
        "up":    { "uv": [ 16, 7.5, 16, 8.5 ], "texture": "#anvil 1", "cullface": "east" },
        "north": { "uv": [ 0, 6.25, 0, 8 ], "texture": "#anvil 1", "cullface": "east" },
        "south": { "uv": [ 16, 6.25, 16, 8 ], "texture": "#anvil 1", "cullface": "east" },
        "west":  { "uv": [ 7.5, 6.25, 8.5, 8 ], "texture": "#anvil 1", "cullface": "east" },
        "east":  { "uv": [ 7.5, 6.25, 8.5, 8 ], "texture": "#anvil 1", "cullface": "east" }
    }
},
{
    "from": [ 17.25, 8.25, 7.5 ],
    "to": [ 17.5, 9.5, 8.5 ],
    "faces": {
        "down":  { "uv": [ 0, 8.5, 0, 7.5 ], "texture": "#anvil 1", "cullface": "east" },
        "up":    { "uv": [ 16, 7.5, 16, 8.5 ], "texture": "#anvil 1", "cullface": "east" },
        "north": { "uv": [ 0, 6.5, 0, 7.75 ], "texture": "#anvil 1", "cullface": "east" },
        "south": { "uv": [ 16, 6.5, 16, 7.75 ], "texture": "#anvil 1", "cullface": "east" },
        "east":  { "uv": [ 7.5, 6.5, 8.5, 7.75 ], "texture": "#anvil 1", "cullface": "east" }
    }
},
{
    "from": [ 15, 7.75, 7.5 ],
    "to": [ 17, 8.25, 8.5 ],
    "faces": {
        "down":  { "uv": [ 1, 8.5, 0, 7.5 ], "texture": "#anvil 1", "cullface": "east" },
        "up":    { "uv": [ 15, 7.5, 16, 8.5 ], "texture": "#anvil 1", "cullface": "east" },
        "north": { "uv": [ 0, 7.75, 1, 8.25 ], "texture": "#anvil 1", "cullface": "east" },
        "south": { "uv": [ 15, 7.75, 16, 8.25 ], "texture": "#anvil 1", "cullface": "east" },
        "west":  { "uv": [ 7.5, 7.75, 8.5, 8.25 ], "texture": "#anvil 1", "cullface": "east" },
        "east":  { "uv": [ 7.5, 7.75, 8.5, 8.25 ], "texture": "#anvil 1", "cullface": "east" }
    }
},
{
    "from": [ 13.5, 7, 7.75 ],
    "to": [ 15.5, 7.25, 8.25 ],
    "faces": {
        "down":  { "uv": [ 2.5, 8.25, 0.5, 7.75 ], "texture": "#anvil 1" },
        "up":    { "uv": [ 13.5, 7.75, 15.5, 8.25 ], "texture": "#anvil 1" },
        "north": { "uv": [ 0.5, 8.75, 2.5, 9 ], "texture": "#anvil 1" },
        "south": { "uv": [ 13.5, 8.75, 15.5, 9 ], "texture": "#anvil 1" },
        "west":  { "uv": [ 7.75, 8.75, 8.25, 9 ], "texture": "#anvil 1" },
        "east":  { "uv": [ 7.75, 8.75, 8.25, 9 ], "texture": "#anvil 1" }
    }
},
{
    "from": [ 13.25, 7.25, 7.75 ],
    "to": [ 13.5, 7.75, 8.25 ],
    "faces": {
        "down":  { "uv": [ 2.75, 8.25, 2.5, 7.75 ], "texture": "#anvil 1" },
        "up":    { "uv": [ 13.25, 7.75, 13.5, 8.25 ], "texture": "#anvil 1" },
        "north": { "uv": [ 2.5, 8.25, 2.75, 8.75 ], "texture": "#anvil 1" },
        "south": { "uv": [ 13.25, 8.25, 13.5, 8.75 ], "texture": "#anvil 1" },
        "west":  { "uv": [ 7.75, 8.25, 8.25, 8.75 ], "texture": "#anvil 1" },
        "east":  { "uv": [ 7.75, 8.25, 8.25, 8.75 ], "texture": "#anvil 1" }
    }
},
{
    "from": [ 14.75, 7.5, 7.75 ],
    "to": [ 15, 8.5, 8.25 ],
    "rotation": { "origin": [ 14.75, 8.5, 7.75 ], "axis": "z", "angle": -22.5 },
    "faces": {
        "down":  { "uv": [ 1.75, 8.25, 1.5, 7.75 ], "texture": "#anvil 1" },
        "up":    { "uv": [ 14.25, 7.75, 14.5, 8.25 ], "texture": "#anvil 1" },
        "north": { "uv": [ 1.5, 7.5, 1.75, 8.5 ], "texture": "#anvil 1" },
        "south": { "uv": [ 14.25, 7.5, 14.5, 8.5 ], "texture": "#anvil 1" },
        "west":  { "uv": [ 7.75, 7.5, 8.25, 8.5 ], "texture": "#anvil 1" },
        "east":  { "uv": [ 7.75, 7.5, 8.25, 8.5 ], "texture": "#anvil 1" }
    }
},
{
    "from": [ 13, 7.5, 7.75 ],
    "to": [ 13.25, 8.25, 8.25 ],
    "faces": {
        "down":  { "uv": [ 3, 8.25, 2.75, 7.75 ], "texture": "#anvil 1" },
        "north": { "uv": [ 2.75, 7.75, 3, 8.5 ], "texture": "#anvil 1" },
        "south": { "uv": [ 13, 7.75, 13.25, 8.5 ], "texture": "#anvil 1" },
        "west":  { "uv": [ 7.75, 7.75, 8.25, 8.5 ], "texture": "#anvil 1" },
        "east":  { "uv": [ 7.75, 7.75, 8.25, 8.5 ], "texture": "#anvil 1" }
    }
},
{
    "from": [ 13.5, 7.25, 7.75 ],
    "to": [ 13.75, 7.5, 8.25 ],
    "faces": {
        "up":    { "uv": [ 13.5, 7.75, 13.75, 8.25 ], "texture": "#anvil 1" },
        "north": { "uv": [ 2.25, 8.5, 2.5, 8.75 ], "texture": "#anvil 1" },
        "south": { "uv": [ 13.5, 8.5, 13.75, 8.75 ], "texture": "#anvil 1" },
        "east":  { "uv": [ 7.75, 8.5, 8.25, 8.75 ], "texture": "#anvil 1" }
    }
},
{
    "from": [ -6.5, 8.25, 7.625 ],
    "to": [ -1.75, 9, 8.375 ],
    "faces": {
        "down":  { "uv": [ 16, 8.375, 16, 7.625 ], "texture": "#texture", "cullface": "west" },
        "up":    { "uv": [ 0, 7.625, 0, 8.375 ], "texture": "#texture", "cullface": "west" },
        "north": { "uv": [ 16, 7, 16, 7.75 ], "texture": "#texture", "cullface": "west" },
        "south": { "uv": [ 0, 7, 0, 7.75 ], "texture": "#texture", "cullface": "west" },
        "west":  { "uv": [ 7.625, 7, 8.375, 7.75 ], "texture": "#texture", "cullface": "west" }
    }
},
{
    "from": [ -6.25, 8.125, 7.5 ],
    "to": [ -6, 9.125, 8.5 ],
    "faces": {
        "down":  { "uv": [ 16, 8.5, 16, 7.5 ], "texture": "#anvil 1", "cullface": "west" },
        "up":    { "uv": [ 0, 7.5, 0, 8.5 ], "texture": "#anvil 1", "cullface": "west" },
        "north": { "uv": [ 16, 6.875, 16, 7.875 ], "texture": "#anvil 1", "cullface": "west" },
        "south": { "uv": [ 0, 6.875, 0, 7.875 ], "texture": "#anvil 1", "cullface": "west" },
        "west":  { "uv": [ 7.5, 6.875, 8.5, 7.875 ], "texture": "#anvil 1", "cullface": "west" },
        "east":  { "uv": [ 7.5, 6.875, 8.5, 7.875 ], "texture": "#anvil 1", "cullface": "west" }
    }
},
{
    "from": [ 15.25, 8.25, 7.5 ],
    "to": [ 15.5, 8.75, 8.5 ],
    "faces": {
        "north": { "uv": [ 0.5, 7.25, 0.75, 7.75 ], "texture": "#texture" },
        "south": { "uv": [ 15.25, 7.25, 15.5, 7.75 ], "texture": "#texture" }
    }
},
{
    "from": [ 9.25, 8.75, 7.5 ],
    "to": [ 15.5, 9.5, 8.5 ],
    "faces": {
        "down":  { "uv": [ 6.75, 8.5, 0.5, 7.5 ], "texture": "#texture" },
        "north": { "uv": [ 0.5, 6.5, 6.75, 7.25 ], "texture": "#texture" },
        "south": { "uv": [ 9.25, 6.5, 15.5, 7.25 ], "texture": "#texture" }
    }
},
{
    "from": [ 9.25, 8.25, 7.5 ],
    "to": [ 15.25, 8.75, 8.5 ],
    "faces": {
        "down":  { "uv": [ 6.75, 8.5, 0.75, 7.5 ], "texture": "#texture" },
        "north": { "uv": [ 0.75, 7.25, 6.75, 7.75 ], "texture": "#texture" },
        "south": { "uv": [ 9.25, 7.25, 15.25, 7.75 ], "texture": "#texture" }
    }
},
{
    "from": [ 15.5, 8.25, 7.5 ],
    "to": [ 15.75, 9.5, 8.5 ],
    "faces": {
        "north": { "uv": [ 0.25, 6.5, 0.5, 7.75 ], "texture": "#anvil 1" },
        "south": { "uv": [ 15.5, 6.5, 15.75, 7.75 ], "texture": "#anvil 1" },
        "west":  { "uv": [ 7.5, 6.5, 8.5, 7.75 ], "texture": "#anvil 1" }
    }
},
{
    "from": [ 11.5, 8.25, 7.75 ],
    "to": [ 13.5, 9, 8.25 ],
    "rotation": { "origin": [ 11.5, 9, 7.75 ], "axis": "z", "angle": -22.5 },
    "faces": {
        "down":  { "uv": [ 5.25, 8.5, 3.25, 7.5 ], "texture": "#anvil 1" },
        "up":    { "uv": [ 10.75, 7.5, 12.75, 8.5 ], "texture": "#anvil 1" },
        "north": { "uv": [ 3.25, 8, 5.25, 8.5 ], "texture": "#anvil 1" },
        "south": { "uv": [ 10.75, 8, 12.75, 8.5 ], "texture": "#anvil 1" },
        "west":  { "uv": [ 7.5, 8, 8.5, 8.5 ], "texture": "#anvil 1" },
        "east":  { "uv": [ 7.5, 8, 8.5, 8.5 ], "texture": "#anvil 1" }
    }
},
{
    "from": [ 15, 4.25, 7.5 ],
    "to": [ 16.75, 8, 8.5 ],
    "rotation": { "origin": [ 15, 8, 7.5 ], "axis": "z", "angle": 22.5 },
    "faces": {
        "down":  { "uv": [ 14.25, 7.5, 16, 8.5 ], "texture": "#anvil 1", "cullface": "east" },
        "up":    { "uv": [ 14.25, 7.5, 16, 8.5 ], "texture": "#anvil 1", "cullface": "east" },
        "north": { "uv": [ 14.25, 8.25, 16, 12 ], "texture": "#anvil 1", "cullface": "east" },
        "south": { "uv": [ 14.25, 8.25, 16, 12 ], "texture": "#anvil 1", "cullface": "east" },
        "west":  { "uv": [ 7.5, 8.25, 8.5, 12 ], "texture": "#anvil 1", "cullface": "east" },
        "east":  { "uv": [ 7.5, 8.25, 8.5, 12 ], "texture": "#anvil 1", "cullface": "east" }
    }
},
{
    "from": [ 7.5, 10.5, 7.5 ],
    "to": [ 8.5, 11, 8.5 ],
    "faces": {
        "up":    { "uv": [ 7.5, 7.5, 8.5, 8.5 ], "texture": "#texture" },
        "north": { "uv": [ 7.5, 5, 8.5, 5.5 ], "texture": "#texture" },
        "south": { "uv": [ 7.5, 5, 8.5, 5.5 ], "texture": "#texture" },
        "west":  { "uv": [ 7.5, 5, 8.5, 5.5 ], "texture": "#texture" },
        "east":  { "uv": [ 7.5, 5, 8.5, 5.5 ], "texture": "#texture" }
    }
},
{
    "from": [ 7.5, 11, 7.5 ],
    "to": [ 8.5, 11.25, 7.75 ],
    "faces": {
        "up":    { "uv": [ 7.5, 7.5, 8.5, 7.75 ], "texture": "#texture" },
        "north": { "uv": [ 7.5, 4.75, 8.5, 5 ], "texture": "#texture" },
        "south": { "uv": [ 7.5, 4.75, 8.5, 5 ], "texture": "#texture" },
        "west":  { "uv": [ 7.5, 4.75, 7.75, 5 ], "texture": "#texture" },
        "east":  { "uv": [ 8.25, 4.75, 8.5, 5 ], "texture": "#texture" }
    }
},
{
    "from": [ 7.5, 11, 8.25 ],
    "to": [ 8.5, 11.25, 8.5 ],
    "faces": {
        "up":    { "uv": [ 7.5, 8.25, 8.5, 8.5 ], "texture": "#texture" },
        "north": { "uv": [ 7.5, 4.75, 8.5, 5 ], "texture": "#texture" },
        "south": { "uv": [ 7.5, 4.75, 8.5, 5 ], "texture": "#texture" },
        "west":  { "uv": [ 8.25, 4.75, 8.5, 5 ], "texture": "#texture" },
        "east":  { "uv": [ 7.5, 4.75, 7.75, 5 ], "texture": "#texture" }
    }
}
],
"display": {
    "thirdperson_righthand": {
        "rotation": [ 90, -90, 90 ],
        "translation": [ 0, 0, -1.7 ],
        "scale": [ 0.85, 0.85, 0.85 ]
    },
	"thirdperson_lefthand": {
        "rotation": [ -90, 90, 90 ],
        "translation": [ 0, 0, -1.7 ],
        "scale": [ 0.85, 0.85, 0.85 ]
    },
    "ground": {
        "rotation": [ 0, 0, 0 ],
        "translation": [ 0, 0, 0 ],
        "scale": [ 1, 1, 1 ]
    },
    "fixed": {
        "rotation": [ 0, 180, -45 ],
        "translation": [ -0.9, -1.1, -1.2 ],
        "scale": [ 1.5, 1.5, 1.5 ]
    },
    "firstperson_righthand": {
        "rotation": [ 0, -90, 0 ],
        "translation": [ 3.4, 2.4, -3.8 ],
        "scale": [ 2, 2, 2 ]
    },
	"firstperson_lefthand": {
        "rotation": [ 0, 90, 0 ],
        "translation": [ 3.4, 2.4, -3.8 ],
        "scale": [ 2, 2, 2 ]
    },
    "gui": {
        "rotation": [ -30, 135, -45 ],
        "translation": [ -1.8, -1.9, 0.8 ],
        "scale": [ 0.9, 0.9, 0.9 ]
    }
}
}